login,CUSTOMER_ID,type,ANNOS,CAPTURE_DATE,MARKETPLACE_ID,ORDER_ID,order_datetime,CONDITION,ORD_TOT,model_name,pred_risk,bctry_cd,cctry_cd,sctry_cd,ictry_cd,emaildomain,paymeth,gls,asins,avs,isfba,hasprime,seg,fastlane,scid,comp_dayob,numitem,fingerprint,CLUSTER_AFN_ORDER_COUNT_03M,CLUSTER_AFN_ORDER_COUNT_12M,CLUSTER_AFN_ORDER_AMOUNT_03M,CLUSTER_AFN_ORDER_AMOUNT_12M,CUSTOMER_MFN_ORDER_COUNT_03M,CUSTOMER_MFN_ORDER_COUNT_12M,CUSTOMER_MFN_ORDER_AMOUNT_03M,CUSTOMER_MFN_ORDER_AMOUNT_12M,CUSTOMER_MFN_SI_12M,CUSTOMER_MFN_SI_03M,CLUSTER_DNR_SI_12M,CLUSTER_DNR_SI_03M,CLUSTER_SINS_12M,CLUSTER_SINS_03M,STATUS,unique_id,report_generation_date,ONR
,978713632002,,ARM QUEUING: Please evaluate the accounts for tt/d139889713,2024-11-24 00:00:00.000,1,114-0867568-2813008,2024-11-24T06:46:28,3,136.98,tier3,1.0,US,UY,US,,gmail.com,CC,349,B0CFPJYX7P,,1.0,0.0,51.0,1.0,608808520.0,0.0,1.0,jC7xaIqF6CHi0fyL6o8Zvg==,0.0,0.0,0.0,0.0,0.0,0.0,0.0,0.0,-1.0,-1.0,-1.0,-1.0,-1.0,-1.0,N,174bea06a57d004e9dee1ffcea61830c,2024-11-24 00:00:00.000,0
,973936350902,,ARM QUEUING: Please evaluate the accounts for tt/d113007432,2024-11-24 00:00:00.000,1,111-6010729-2452211,2024-11-24T12:39:05,3,77.05,tier1,0.4884149686494192,US,US,US,,gmail.com,CC,"107,309","B0CKWJ11WB,B0DBHV5C3F",I3,1.0,1.0,1.0,1.0,608808520.0,5.893325,2.0,vvCvsS0S7FzA4/qisoVIjQ==,14.0,42.0,442.13,1864.33,0.0,0.0,0.0,0.0,-1.0,-1.0,8.295205,2.93805,0.0,0.0,N,f2921bd5639e73968ad26b9ba191aa25,2024-11-24 00:00:00.000,0
,978931237502,,ARM QUEUING: Please evaluate the accounts for tt/d139889713,2024-11-24 00:00:00.000,1,113-7064035-6581062,2024-11-24T13:03:58,3,28.66,tier3,1.0,US,US,US,US,gmail.com,CC,421,B0894RH2L6,,1.0,1.0,1.0,1.0,1177539366.0,0.0,1.0,8jgpXvp0m7s2eVY3KmX1/w==,9.0,44.0,372.5,2012.27,0.0,0.0,0.0,0.0,-1.0,-1.0,0.0,0.0,0.0,0.0,N,bae61a46abb0f7aa682bba036ff72d32,2024-11-24 00:00:00.000,0
,972112662802,,ARM QUEUING: Please evaluate the accounts for tt/d113007432,2024-11-24 00:00:00.000,1,111-6441651-1689814,2024-11-23T09:25:33,4,358.93,tier2,0.7773714062604543,US,TT,US,,gmail.com,CC,"424,465","B0BP9SNVH9,B0D1DFS9ZQ,B0D1DV6G2N",ID,1.0,1.0,3.0,1.0,608808520.0,8.167131,7.0,2BuhLI6OGlQVdoroiBd1cg==,106.0,665.0,19413.43,93256.4,0.0,0.0,0.0,0.0,-1.0,-1.0,0.0,0.0,0.0,0.0,N,77c526055620073d509ac33775bc403e,2024-11-24 00:00:00.000,0
,978883291302,,ARM QUEUING: Please evaluate the accounts for tt/d139889713,2024-11-24 00:00:00.000,1,113-3134988-6520204,2024-11-24T11:49:40,4,57.08,tier1,0.4231267488381894,US,US,US,,gmail.com,CC,121,B0009KNLV6,I1,1.0,1.0,7.0,1.0,608808520.0,0.0,1.0,hKmtDxjqYoHu7PukiKuviA==,0.0,0.0,0.0,0.0,0.0,0.0,0.0,0.0,-1.0,-1.0,-1.0,-1.0,-1.0,-1.0,N,a85022437da1b68ce81d44885ab9d4d1,2024-11-24 00:00:00.000,0
,979146328902,,ARM QUEUING: Please evaluate the accounts for tt/d139889713,2024-11-24 00:00:00.000,1,112-9376760-1804225,2024-11-24T19:54:53,3,62.54,tier1,0.8760502241437981,,,,,,,,,,,,,,,,,,,,,,,,,,,,,,,,N,f5b1add4298723585054a9990e931377,2024-11-24 00:00:00.000,0
,979023830802,,ARM QUEUING: Please evaluate the accounts for tt/d113007432,2024-11-24 00:00:00.000,1,113-7192817-7487459,2024-11-24T16:47:20,4,331.14,tier2,0.7037872356393976,,,,,,,,,,,,,,,,,,,,,,,,,,,,,,,,N,db7e1e9a5de36a00c1e1906dfd87a296,2024-11-24 00:00:00.000,0
,974759133102,,ARM QUEUING: Please evaluate the accounts for tt/d139889713,2024-11-24 00:00:00.000,1,113-7948424-2537017,2024-11-24T10:02:18,3,92.94,tier3,1.0,US,US,US,,gmail.com,CC,241,B00OZMA8FG,,1.0,1.0,51.0,1.0,1195204730.0,0.0,1.0,lAgesaU1JQcri7oQHVHaSg==,0.0,0.0,0.0,0.0,0.0,0.0,0.0,0.0,-1.0,-1.0,-1.0,-1.0,-1.0,-1.0,N,6761f7b571071c70a0aebbdce7c16578,2024-11-24 00:00:00.000,0
,978015861302,,ARM QUEUING: Please evaluate the accounts for tt/d113007432,2024-11-24 00:00:00.000,1,114-0244615-3994625,2024-11-24T09:32:43,3,31.23,tier1,0.6349722377965538,US,US,US,,gmail.com,CC,21,B0CBNT7H86,,1.0,1.0,7.0,1.0,608808520.0,1.089931,1.0,wuqO+4v2JavYGJvmBLV+Bg==,243245.0,405842.0,4237467.14,6866888.81,0.0,0.0,0.0,0.0,-1.0,-1.0,0.093969,0.032974,0.0,0.0,N,518d907299cf86b359931888fc2a7ee2,2024-11-24 00:00:00.000,0
,978750390502,,ARM QUEUING: Please evaluate the accounts for tt/d139889713,2024-11-24 00:00:00.000,1,113-2824259-4585812,2024-11-24T06:59:37,24,54.73,tier1,0.8857627273533272,US,US,US,,,CC,21,B00RWNEN9W,,1.0,1.0,7.0,1.0,608808520.0,0.0,1.0,QQPvuHt/E4v0+LU8PEQeDA==,0.0,0.0,0.0,0.0,0.0,0.0,0.0,0.0,-1.0,-1.0,-1.0,-1.0,-1.0,-1.0,N,cfebc257ba4098ab7117beb84e69de30,2024-11-24 00:00:00.000,0
,847426703912,,ARM QUEUING: Please evaluate the accounts for tt/d113007432,2024-11-24 00:00:00.000,623225021,404-3051031-9692333,2024-11-24T16:05:04,4,890.0,tier1,0.3982970658154735,EG,EG,EG,,,CC,"121,194","B00LI6UN3Y,B07FHYKTVF",-1,0.0,0.0,3.0,0.0,21786786912.0,0.0,10.0,pDXNUlXaxrsVrzJxflv1Ag==,,,,,,,,,,,,,,,N,b68a95b9cfcc065de79d7ffe2978567a,2024-11-24 00:00:00.000,0
,553157502712,,ARM QUEUING: Please evaluate the accounts for tt/d141997345,2024-11-24 00:00:00.000,35691,406-9915232-7424365,2024-11-24T13:53:29,4,10.23,tier2,0.5607412482991828,IT,IT,IT,IT,,CC,194,B00XQB8MJQ,ID,1.0,0.0,4.0,1.0,755690533.0,377.761053,2.0,,,,,,,,,,,,,,,,N,e7a64b4398511e6da9a4127a8b7a3a15,2024-11-24 00:00:00.000,0
,455902166702,,ARM QUEUING: Please evaluate the accounts for tt/d113007432,2024-11-24 00:00:00.000,1,111-9451510-6538610,2024-11-08T21:13:07,5,1503.99,tier2,0.7683301760260375,US,US,US,US,outlook.com,CC,147,B0D3J5VFYQ,I3,1.0,0.0,1.0,0.0,608808520.0,5.346447,3.0,M3z4CF/S27LsU8c1CUgEjQ==,154.0,516.0,29700.02,53625.18,0.0,0.0,0.0,0.0,-1.0,-1.0,0.055925,0.0,0.0,0.0,N,7fd7cff9b6ebc4c88a3bfbc2a342f2d5,2024-11-24 00:00:00.000,0
,978941454702,,ARM QUEUING: Please evaluate the accounts for tt/d139889713,2024-11-24 00:00:00.000,1,112-0709343-0178635,2024-11-24T15:15:57,3,171.56,tier3,1.0,US,US,US,US,gmail.com,CC,201,B0011G20QY,,1.0,1.0,3.0,1.0,44009391805.0,0.0,1.0,YIE+eeZT4pAGas1D0kmBPg==,68.0,294.0,3166.78,14253.56,0.0,0.0,0.0,0.0,-1.0,-1.0,0.0,0.0,0.0,0.0,N,c6d39a1e3b80f28923f05b645b3d56df,2024-11-24 00:00:00.000,0
,978896265802,,ARM QUEUING: Please evaluate the accounts for tt/d139889713,2024-11-24 00:00:00.000,1,114-4981248-4564203,2024-11-24T12:09:24,3,56.94,tier1,0.2944562459853307,GB,GB,US,,gmail.com,CC,194,B08KT2Z93D,,1.0,1.0,7.0,1.0,608808520.0,0.0,6.0,E3e7GdbDsGdDm5VK/Mh2bw==,5.0,5.0,148.54,148.54,0.0,0.0,0.0,0.0,-1.0,-1.0,93.301468,93.301468,0.0,0.0,N,dcac0ae97aa8a98f7e73c91a31a0864b,2024-11-24 00:00:00.000,0
,978973752402,,ARM QUEUING: Please evaluate the accounts for tt/d139889713,2024-11-24 00:00:00.000,1,113-6515469-5289822,2024-11-24T22:12:50,3,25.58,tier3,1.0,,,,,,,,,,,,,,,,,,,,,,,,,,,,,,,,N,9f14df60339e6b5d701279d045ee5c90,2024-11-24 00:00:00.000,0
,977622300002,,ARM QUEUING: Please evaluate the accounts for tt/d113007432,2024-11-24 00:00:00.000,1,114-9300731-6294623,2024-11-22T13:11:07,3,549.97,tier2,0.8126744977193954,US,US,US,US,,CC,147,B0CVM9WLCW,,1.0,0.0,1.0,1.0,608808520.0,0.0,1.0,M3z4CF/S27LsU8c1CUgEjQ==,1.0,9.0,105.43,764.37,0.0,0.0,0.0,0.0,-1.0,-1.0,16.22251,0.0,0.0,0.0,N,bbde75784fdde5c4d7ef6205a37d51ba,2024-11-24 00:00:00.000,0
,977652367302,,ARM QUEUING: Please evaluate the accounts for tt/d113007432,2024-11-24 00:00:00.000,1,111-1783931-7545831,2024-11-24T06:20:51,4,536.1,tier2,0.8916333012227123,US,CN,US,US,,CC,107,B0DGJKT2X9,IU,1.0,1.0,1.0,1.0,608808520.0,0.0,1.0,PyWpvRkm5WoKLPPCY3s1UQ==,120.0,438.0,4887.58,17634.03,0.0,0.0,0.0,0.0,-1.0,-1.0,0.17574,0.0,0.0,0.0,N,399718151d7c2392b2ab010305ade53c,2024-11-24 00:00:00.000,0
,28273561312,,ARM QUEUING: Please evaluate the accounts for tt/d141997345,2024-11-24 00:00:00.000,7,702-8492345-1332262,2024-11-24T23:30:45,20,3777.57,tier2,0.847675408929811,,,,,,,,,,,,,,,,,,,,,,,,,,,,,,,,N,b03a886eda8a617b3c56264fbcd3fe76,2024-11-24 00:00:00.000,0
,977540494602,,ARM QUEUING: Please evaluate the accounts for tt/d139889713,2024-11-24 00:00:00.000,1,114-4330048-2975410,2024-11-24T15:32:49,4,35.46,tier1,0.4379847348800217,US,US,US,,icloud.com,CC,"107,121","B01BZ0LXL8,B0CX22JSR3",I3,1.0,1.0,7.0,1.0,608808520.0,0.0,2.0,hkJMIkyWEq2IwZs5jIC4SA==,18.0,69.0,690.99,3187.54,0.0,0.0,0.0,0.0,-1.0,-1.0,0.34478,1.590472,0.0,0.0,N,1266526500e3740768f598c2578f948f,2024-11-24 00:00:00.000,0
,31024533002,,ARM QUEUING: Please evaluate the accounts for tt/d141997345,2024-11-24 00:00:00.000,7,702-9228657-7029015,2024-11-24T07:21:26,20,3652.4,tier2,0.8819847890308077,,,,,,,,,,,,,,,,,,,,,,,,,,,,,,,,N,f8e91d67eb9c16e7b517fcf4db6cb4e6,2024-11-24 00:00:00.000,0
,978513953202,,ARM QUEUING: Please evaluate the accounts for tt/d139889713,2024-11-24 00:00:00.000,1,113-4873605-8483443,2024-11-24T20:05:49,3,85.71,tier3,1.0,,,,,,,,,,,,,,,,,,,,,,,,,,,,,,,,N,cab4003ae0924532879b33a95b844a2c,2024-11-24 00:00:00.000,0
,979059057702,,ARM QUEUING: Please evaluate the accounts for tt/d113007432,2024-11-24 00:00:00.000,1,113-4287670-1881805,2024-11-24T17:40:45,3,303.02,tier2,0.7105670914992173,,,,,,,,,,,,,,,,,,,,,,,,,,,,,,,,N,93ba2005a032ad39b214dbdd23d5fa5f,2024-11-24 00:00:00.000,0
,971602573802,,ARM QUEUING: Please evaluate the accounts for tt/d113007432,2024-11-24 00:00:00.000,1,112-0581552-9489066,2024-11-24T19:26:02,20,1920.66,tier2,0.7564065372278057,,,,,,,,,,,,,,,,,,,,,,,,,,,,,,,,I,f37cdd7ebd2e88ce0d8fe3e055182720,2024-11-24 00:00:00.000,0
,979238565102,,ARM QUEUING: Please evaluate the accounts for tt/d113007432,2024-11-24 00:00:00.000,1,113-3938233-0296233,2024-11-24T22:45:06,3,33.34,tier1,0.4228866113330718,,,,,,,,,,,,,,,,,,,,,,,,,,,,,,,,N,eefe44ad99ca91d59ff4fc7c547ce708,2024-11-24 00:00:00.000,0
,978763195102,,ARM QUEUING: Please evaluate the accounts for tt/d139889713,2024-11-24 00:00:00.000,1,111-2431903-8586635,2024-11-24T17:45:44,3,54.49,tier1,0.8816935521980658,,,,,,,,,,,,,,,,,,,,,,,,,,,,,,,,N,efbd922eebec62e50a0192f4904cc2d2,2024-11-24 00:00:00.000,0
,59452507002,,ARM QUEUING: Please evaluate the accounts for tt/d141997345,2024-11-24 00:00:00.000,7,701-0699198-8089048,2024-11-24T11:34:25,4,3523.58,tier2,0.9718960228522372,CA,CA,CA,,,CC,147,B0CT658QWX,,1.0,1.0,4.0,1.0,13.0,2145.476837,1.0,4fk4JBkYfI1OXuBSkpBuzQ==,,,,,,,,,,,,,,,N,694677b76fc8803574859901d2f859f3,2024-11-24 00:00:00.000,0
,978946370002,,ARM QUEUING: Please evaluate the accounts for tt/d139889713,2024-11-24 00:00:00.000,1,111-9599219-6795433,2024-11-24T13:37:20,4,16.68,tier3,1.0,US,US,US,,gmail.com,CC,510,B01NCWV3KM,,1.0,1.0,7.0,1.0,608808520.0,0.0,1.0,hkJMIkyWEq2IwZs5jIC4SA==,20.0,161.0,712.06,6568.86,0.0,0.0,0.0,0.0,-1.0,-1.0,0.0,0.0,0.0,0.0,N,b34cef8ab1199e1cb7f207781de66dab,2024-11-24 00:00:00.000,0
,12526217705,,ARM QUEUING: Please evaluate the accounts for tt/d141997345,2024-11-24 00:00:00.000,7,702-5300621-3249043,2024-11-24T05:12:12,3,2889.06,tier2,0.9714503682689029,CA,CA,CA,,,CC,"23,147,328","B08C7BGV3D,B0BN9ZFZ2X,B0BP88MYM4,B0C5M6SJYW,B0CHGT1KFJ,B0CSZBB691",,1.0,0.0,4.0,1.0,13.0,805.894507,6.0,hKmtDxjqYoHu7PukiKuviA==,,,,,,,,,,,,,,,N,d2187fa5e99f78999c19c6dacb1025ba,2024-11-24 00:00:00.000,0
,979197625802,,ARM QUEUING: Please evaluate the accounts for tt/d139889713,2024-11-24 00:00:00.000,1,112-9684550-0174640,2024-11-24T21:37:33,3,125.49,tier3,1.0,,,,,,,,,,,,,,,,,,,,,,,,,,,,,,,,N,25242f611794cb9d21b709d7999e9bfe,2024-11-24 00:00:00.000,0
,977924815202,,ARM QUEUING: Please evaluate the accounts for tt/d139889713,2024-11-24 00:00:00.000,1,114-7812372-3677807,2024-11-22T23:53:23,3,84.08,tier1,0.2348489700901756,US,US,US,,icloud.com,CC,"21,23,194,229","B00OQJYNW2,B07B4KQVK6,B0CV2FMGGB,B0CZPGX972,B0D9NMLK82",,1.0,0.0,1.0,0.0,608808520.0,0.0,5.0,gLiB1j8u9OW3/9rXkEFjjw==,22.0,24.0,1311.51,1481.13,0.0,0.0,0.0,0.0,-1.0,-1.0,0.0,0.0,0.0,0.0,N,46090096928be18c0a49cd9e96e1d041,2024-11-24 00:00:00.000,0
,498483207002,,ARM QUEUING: Please evaluate the accounts for tt/d141997345,2024-11-24 00:00:00.000,7,701-0722110-4072221,2024-11-24T20:10:32,20,3785.46,tier2,0.8998984066247531,,,,,,,,,,,,,,,,,,,,,,,,,,,,,,,,N,5056c7566b59dac26c1cb39458053787,2024-11-24 00:00:00.000,0
,25471546915,,ARM QUEUING: Please evaluate the accounts for tt/d141997345,2024-11-24 00:00:00.000,1,111-1861625-1437013,2024-11-21T11:21:33,3,930.48,tier2,0.8163386186496328,CR,CR,US,,gmail.com,CC,107,"B0D7HVWRGN,B0D7MHR81Z,B0D854KDG3",ID,1.0,0.0,4.0,1.0,608808520.0,3071.923038,2.0,Li9NtpKxmpW9vNDbtzV9Lw==,120093.0,294475.0,2140226.89,5100486.38,0.0,0.0,0.0,0.0,-1.0,-1.0,0.007593,0.014369,0.0,0.0,N,af182a7d899a8101dc37fab91f753a79,2024-11-24 00:00:00.000,0
,10752434125,,ARM QUEUING: Please evaluate the accounts for tt/d141997345,2024-11-24 00:00:00.000,7,702-3193670-9969840,2024-11-24T19:45:26,20,4914.37,tier2,0.9866875557951926,,,,,,,,,,,,,,,,,,,,,,,,,,,,,,,,P,f7a7413224e7f2f12e183487cb8fed99,2024-11-24 00:00:00.000,0
,978680314702,,ARM QUEUING: Please evaluate the accounts for tt/d139889713,2024-11-24 00:00:00.000,1,112-3846906-7690646,2024-11-24T04:22:24,20,32.31,tier3,1.0,US,IE,US,,gmail.com,CC,63,B0D96RBDVX,,1.0,1.0,1.0,1.0,608808520.0,0.0,1.0,zZ6xppbryTjtj+OmQXL9pw==,39.0,154.0,898.22,7246.39,0.0,0.0,0.0,0.0,-1.0,-1.0,0.0,0.0,0.0,0.0,I,08c9a6c3f600ae0273c3a33241a63b85,2024-11-24 00:00:00.000,0
,913581512302,,ARM QUEUING: Please evaluate the accounts for tt/d141997345,2024-11-24 00:00:00.000,7,701-4217051-3246607,2024-11-24T22:16:57,3,4085.27,tier2,0.7527576317846575,,,,,,,,,,,,,,,,,,,,,,,,,,,,,,,,N,1538b9d063eeb950b6be9b56c0bbdb9d,2024-11-24 00:00:00.000,0
,977987995502,,ARM QUEUING: Please evaluate the accounts for tt/d113007432,2024-11-24 00:00:00.000,1,111-2393357-4227409,2024-11-24T19:19:55,3,42.17,tier1,0.4336913188440741,,,,,,,,,,,,,,,,,,,,,,,,,,,,,,,,N,3a3186c175217b7be44107e342ea9bbf,2024-11-24 00:00:00.000,0
,979109680802,,ARM QUEUING: Please evaluate the accounts for tt/d139889713,2024-11-24 00:00:00.000,1,113-3244194-6797846,2024-11-24T18:26:10,3,49.99,tier1,0.8810206032707938,,,,,,,,,,,,,,,,,,,,,,,,,,,,,,,,N,ed03d8e962633625fb639c08f802d8f6,2024-11-24 00:00:00.000,0
,978404979502,,ARM QUEUING: Please evaluate the accounts for tt/d113007432,2024-11-24 00:00:00.000,1,114-5987162-4619455,2024-11-24T13:42:08,3,1843.74,tier2,0.8659413332499126,,,,,,,,,,,,,,,,,,238.0,795.0,28191.54,55720.2,0.0,0.0,0.0,0.0,-1.0,-1.0,0.118323,0.02107,0.0,0.0,N,780441d5fc3debb6c25f42d7e41a0dae,2024-11-24 00:00:00.000,0
,669585546702,,ARM QUEUING: Please evaluate the accounts for tt/d141997345,2024-11-24 00:00:00.000,1,113-0497461-8894645,2024-11-24T23:47:58,3,919.01,tier2,0.7908868727478794,,,,,,,,,,,,,,,,,,,,,,,,,,,,,,,,N,dae4516b4d0630993a7a1588d018da6c,2024-11-24 00:00:00.000,0
,978786059702,,ARM QUEUING: Please evaluate the accounts for tt/d113007432,2024-11-24 00:00:00.000,1,114-3423292-9959407,2024-11-24T09:38:42,4,463.04,tier2,0.7573912102303649,US,US,US,,yahoo.com,CC,147,B0CJGP4P4V,,1.0,1.0,1.0,1.0,608808520.0,0.0,1.0,fFZ5EzGprprmg+j3XoFgMg==,7.0,27.0,308.93,1753.75,0.0,0.0,0.0,0.0,-1.0,-1.0,0.0,0.0,0.0,0.0,N,3f9be27b753fd001527d39566cf51796,2024-11-24 00:00:00.000,0
,978969198902,,ARM QUEUING: Please evaluate the accounts for tt/d139889713,2024-11-24 00:00:00.000,1,112-2950174-8408208,2024-11-24T16:04:35,3,57.41,tier1,0.8053460977738995,,,,,,,,,,,,,,,,,,,,,,,,,,,,,,,,N,db76a872dc0204a633a471f291f7a794,2024-11-24 00:00:00.000,0
,979151459102,,ARM QUEUING: Please evaluate the accounts for tt/d139889713,2024-11-24 00:00:00.000,1,111-6239132-3721804,2024-11-24T19:56:03,3,55.06,tier1,0.7231356877929337,,,,,,,,,,,,,,,,,,,,,,,,,,,,,,,,N,5329d54e52e0115a21488bc349db24a5,2024-11-24 00:00:00.000,0
,977596640902,,ARM QUEUING: Please evaluate the accounts for tt/d113007432,2024-11-24 00:00:00.000,1,112-0558778-0407438,2024-11-24T13:57:13,3,924.18,tier2,0.7715289879529375,US,US,US,US,uchicago.edu,CC,147,B0DLHWLTQN,,1.0,1.0,1.0,0.0,608808520.0,1.270417,1.0,F7TWylfVISP/R+oB2vHm6w==,109.0,432.0,3519.92,14579.41,0.0,0.0,0.0,0.0,-1.0,-1.0,0.108921,0.0,0.0,0.0,N,e9af48ec3a62bfbb06a543050997b64b,2024-11-24 00:00:00.000,0
,974541692302,,ARM QUEUING: Please evaluate the accounts for tt/d113007432,2024-11-24 00:00:00.000,1,112-5905409-2462662,2024-11-24T20:10:55,3,1021.54,tier2,0.851679476072712,,,,,,,,,,,,,,,,,,,,,,,,,,,,,,,,N,80dac5b4881147f751f4e1579cb58b28,2024-11-24 00:00:00.000,0
,24520714505,,ARM QUEUING: Please evaluate the accounts for tt/d141997345,2024-11-24 00:00:00.000,7,702-0498703-6285051,2024-11-24T15:09:39,20,4252.93,tier2,0.981935836717846,,,,,,,,,,,,,,,,,,,,,,,,,,,,,,,,N,19d749f3b115d18f40412f653118e7b9,2024-11-24 00:00:00.000,0
,778273738512,,ARM QUEUING: Please evaluate the accounts for tt/d141997345,2024-11-24 00:00:00.000,4,028-4075781-9573113,2024-11-24T16:02:06,3,2313.62,tier1,0.4390166991271558,PL,PL,PL,,,CC,"63,194","B09MJRPRR4,B09N24BHKQ,B0CS62LY6P,B0DHSV68YZ",,1.0,0.0,4.0,1.0,10.0,94.556271,5.0,hKmtDxjqYoHu7PukiKuviA==,,,,,,,,,,,,,,,N,207eab4eaa68dd2ace2639f8163a13da,2024-11-24 00:00:00.000,0
,973724234402,,ARM QUEUING: Please evaluate the accounts for tt/d113007432,2024-11-24 00:00:00.000,1,112-0296440-4538625,2024-11-24T12:58:20,3,431.99,tier2,0.7432133728426408,US,UA,US,,ukr.net,CC,147,B0BJLBNNRT,ID,1.0,1.0,1.0,1.0,608808520.0,7.087845,1.0,JSU3v2+mmPUq17iTUMK05A==,20.0,81.0,6720.03,17674.18,0.0,0.0,0.0,0.0,-1.0,-1.0,0.0,0.0,0.0,0.0,N,690a3e4b4f09b668ecf971123a65a37a,2024-11-24 00:00:00.000,0
,979134769902,,ARM QUEUING: Please evaluate the accounts for tt/d113007432,2024-11-24 00:00:00.000,1,113-9370453-0835445,2024-11-24T19:02:21,3,309.12,tier2,0.8793147588558072,,,,,,,,,,,,,,,,,,,,,,,,,,,,,,,,N,a22b593ba7057819a46441550028ee2f,2024-11-24 00:00:00.000,0
,978469957602,,ARM QUEUING: Please evaluate the accounts for tt/d139889713,2024-11-24 00:00:00.000,1,114-7731915-4187420,2024-11-24T18:27:58,3,8.49,tier3,1.0,,,,,,,,,,,,,,,,,,,,,,,,,,,,,,,,N,ddf1e4e054e0bd1ef6fe86d2bda9cd69,2024-11-24 00:00:00.000,0
,962375878102,,ARM QUEUING: Please evaluate the accounts for tt/d139889713,2024-11-24 00:00:00.000,1,111-2063837-6410664,2024-11-24T14:19:33,3,43.75,tier1,0.5758883471684882,US,EC,US,,gmail.com,CC,147,"B07CMS5Q6P,B0BDDXJ1B1",,1.0,1.0,1.0,1.0,608808520.0,0.0,2.0,OUDrWMO9DMervQUy0pGf4w==,8.0,29.0,1599.15,7084.31,0.0,0.0,0.0,0.0,-1.0,-1.0,0.0,0.0,0.0,0.0,N,40de2c9c3d86fb72b7124b40c43986ff,2024-11-24 00:00:00.000,0
,969870236402,,ARM QUEUING: Please evaluate the accounts for tt/d113007432,2024-11-24 00:00:00.000,1,112-2984508-7109824,2024-11-24T10:58:10,5,457.42,tier2,0.8122865519859911,US,US,US,,gmail.com,CC,147,B0BJLBNNRT,I3,1.0,1.0,1.0,1.0,608808520.0,11.717652,1.0,hKmtDxjqYoHu7PukiKuviA==,4.0,4.0,483.45,483.45,0.0,0.0,0.0,0.0,-1.0,-1.0,0.0,0.0,0.0,0.0,N,76938e873b7573cb21cc830ee383597b,2024-11-24 00:00:00.000,0
,900150599002,,ARM QUEUING: Please evaluate the accounts for tt/d113007432,2024-11-24 00:00:00.000,1,111-8916528-1025057,2024-11-24T17:24:50,3,100.94,tier1,0.8327243254854197,,,,,,,,,,,,,,,,,,,,,,,,,,,,,,,,N,81b6df45bcc0c82f06345b1e4ad12d0e,2024-11-24 00:00:00.000,0
,93014322302,,ARM QUEUING: Please evaluate the accounts for tt/d141997345,2024-11-24 00:00:00.000,7,701-2052779-4439466,2024-11-24T10:09:46,3,3134.88,tier2,0.8132256197951638,,,,,,,,,,,,,,,,,,,,,,,,,,,,,,,,N,8368317e8c9a7c860ff259c60340dbff,2024-11-24 00:00:00.000,0
,977238725502,,ARM QUEUING: Please evaluate the accounts for tt/d113007432,2024-11-24 00:00:00.000,1,111-6445759-1935447,2024-11-24T20:56:22,3,705.99,tier2,0.9464763657231102,,,,,,,,,,,,,,,,,,,,,,,,,,,,,,,,N,d893fd368dfe751c197d6660176477b1,2024-11-24 00:00:00.000,0
,154714174502,,ARM QUEUING: Please evaluate the accounts for tt/d141997345,2024-11-24 00:00:00.000,1,114-7286199-0785801,2024-11-24T18:10:02,3,1863.73,tier2,0.7570037750909888,,,,,,,,,,,,,,,,,,,,,,,,,,,,,,,,N,66de6b390b6daa9ebdf259faa5d6349f,2024-11-24 00:00:00.000,0
,978370853902,,ARM QUEUING: Please evaluate the accounts for tt/d141997345,2024-11-24 00:00:00.000,1,111-4326638-3567431,2024-11-24T17:15:01,3,5676.99,tier1,0.7832883190640417,,,,,,,,,,,,,,,,,,,,,,,,,,,,,,,,N,219236cf20c82c86e56b3600904d9fb4,2024-11-24 00:00:00.000,0
,877454529402,,ARM QUEUING: Please evaluate the accounts for tt/d113007432,2024-11-24 00:00:00.000,1,111-5588540-2109055,2024-11-24T15:33:49,3,45.83,tier1,0.4668952757594848,US,US,US,,gmail.com,CC,"107,309","B0D3297S9G,B0D4DY2F3P,B0D91XL3GC",I4,1.0,0.0,4.0,1.0,608808520.0,140.383945,3.0,YIE+eeZT4pAGas1D0kmBPg==,1.0,2.0,220.4,233.38,0.0,1.0,0.0,79.9,0.0,-1.0,0.0,0.0,0.0,0.0,N,9d3f61886df4ca39ab0508f3f0fcc67d,2024-11-24 00:00:00.000,0
,709121372502,,ARM QUEUING: Please evaluate the accounts for tt/d139889713,2024-11-24 00:00:00.000,1,112-3721910-7234660,2024-11-24T11:12:51,3,73.43,tier1,0.3130602106685522,US,US,US,,hotmail.com,CC,468,B0DDTQDHVX,I3,1.0,1.0,4.0,1.0,761125159802.0,224.28922,1.0,OUDrWMO9DMervQUy0pGf4w==,22.0,50.0,1508.9,2840.3,0.0,0.0,0.0,0.0,-1.0,-1.0,3.326057,0.0,0.0,0.0,N,20114eec9dc4cf79e6c4d11b43cbf7c0,2024-11-24 00:00:00.000,0
,945608011702,,ARM QUEUING: Please evaluate the accounts for tt/d113007432,2024-11-24 00:00:00.000,1,112-6594946-1250664,2024-11-24T12:27:41,3,919.92,tier2,0.783729010609595,US,US,US,,gmail.com,CC,107,B0CMZDBVWT,I8,1.0,0.0,1.0,1.0,608808520.0,0.0,1.0,8Zn7JpDsFG/2k1G+lyn27A==,0.0,0.0,0.0,0.0,0.0,0.0,0.0,0.0,-1.0,-1.0,-1.0,-1.0,-1.0,-1.0,N,90605a01ca2e93d2a9a741a7b8968153,2024-11-24 00:00:00.000,0
,978489161502,,ARM QUEUING: Please evaluate the accounts for tt/d113007432,2024-11-24 00:00:00.000,1,113-7001702-0390652,2024-11-24T17:26:43,3,371.41,tier2,0.8848166967866163,,,,,,,,,,,,,,,,,,,,,,,,,,,,,,,,N,d443c714eb270a433e8f74e694a3d92c,2024-11-24 00:00:00.000,0
,46409738102,,ARM QUEUING: Please evaluate the accounts for tt/d139889713,2024-11-24 00:00:00.000,1,114-1611193-4625015,2024-11-24T09:40:35,5,43.68,tier3,1.0,IN,IN,US,IN,gmail.com,CC,"121,201","B000JDGC78,B07JDWTDPB,B0B49PS663",,1.0,1.0,7.0,1.0,608808520.0,0.0,3.0,aLAEtFEwuUEeKy516Ys0tg==,12.0,51.0,329.05,1663.8,0.0,0.0,0.0,0.0,-1.0,-1.0,0.0,0.0,0.0,0.0,N,897ad2244571a0c1b4a0473382221275,2024-11-24 00:00:00.000,0
,972695270102,,ARM QUEUING: Please evaluate the accounts for tt/d113007432,2024-11-24 00:00:00.000,1,112-3732358-8815428,2024-11-24T21:27:40,3,1234.0,tier2,0.748647129866371,,,,,,,,,,,,,,,,,,,,,,,,,,,,,,,,N,85ba25522f44d0cf2141d01dfbfbf0ca,2024-11-24 00:00:00.000,0
,974574440902,,ARM QUEUING: Please evaluate the accounts for tt/d113007432,2024-11-24 00:00:00.000,1,112-9590793-3329825,2024-11-24T17:06:55,3,68.76,tier1,0.3851925027327304,,,,,,,,,,,,,,,,,,,,,,,,,,,,,,,,N,2650bdd40f4910c46c61a53b66b944fb,2024-11-24 00:00:00.000,0
,976910262602,,ARM QUEUING: Please evaluate the accounts for tt/d113007432,2024-11-24 00:00:00.000,1,112-8488753-0449055,2024-11-24T03:20:21,3,8.99,tier3,1.0,TR,TR,US,TR,gmail.com,CC,201,B0DCHXP5BT,,1.0,1.0,7.0,1.0,621209971002.0,0.0,1.0,OUDrWMO9DMervQUy0pGf4w==,103.0,395.0,3726.86,18366.56,0.0,0.0,0.0,0.0,-1.0,-1.0,0.17962,0.885196,0.0,0.0,N,076affdc87e54a8f8ba86aaadc336416,2024-11-24 00:00:00.000,0
,937842938202,,ARM QUEUING: Please evaluate the accounts for tt/d113007432,2024-11-24 00:00:00.000,1,111-7959524-3813005,2024-11-23T11:44:46,24,751.43,tier2,0.7354363083844082,US,BO,US,BO,outlook.com,CC,63,B0DGY63Z2H,ID,1.0,1.0,1.0,1.0,608808520.0,0.0,1.0,k2oFCGIMGQ/UKwHNsGeWiA==,21.0,34.0,1074.26,2323.46,0.0,0.0,0.0,0.0,-1.0,-1.0,0.0,0.0,0.0,0.0,N,5f5137ba584579dd14b36ff4f447afb8,2024-11-24 00:00:00.000,0
,187117607802,,ARM QUEUING: Please evaluate the accounts for tt/d141997345,2024-11-24 00:00:00.000,1,114-2385042-2751436,2024-11-24T16:27:45,3,2035.34,tier2,0.7863358828000354,,,,,,,,,,,,,,,,,,,,,,,,,,,,,,,,N,608b1be985ed0ea233a0f72cb8cf2aa2,2024-11-24 00:00:00.000,0
,978736518102,,ARM QUEUING: Please evaluate the accounts for tt/d139889713,2024-11-24 00:00:00.000,1,113-1170563-2063400,2024-11-24T07:28:58,3,5.91,tier3,1.0,US,EC,US,,hotmail.com,CC,193,B0CZ7R9ZVK, Y,1.0,1.0,7.0,1.0,608808520.0,0.0,1.0,jC7xaIqF6CHi0fyL6o8Zvg==,4.0,7.0,179.14,233.01,0.0,0.0,0.0,0.0,-1.0,-1.0,0.0,0.0,0.0,0.0,N,86363033daeac36af58584c9c89439fd,2024-11-24 00:00:00.000,0
,976510787302,,ARM QUEUING: Please evaluate the accounts for tt/d113007432,2024-11-24 00:00:00.000,1,113-0232172-1235430,2024-11-24T12:44:13,3,333.43,tier2,0.7474440549681571,US,US,US,,yahoo.com,CC,"147,201","B086ZHDDKQ,B0BJLXMVMV,B0D9LPQ18L",I3,1.0,1.0,1.0,1.0,608808520.0,0.0,3.0,F7TWylfVISP/R+oB2vHm6w==,12.0,87.0,604.63,4448.5,0.0,0.0,0.0,0.0,-1.0,-1.0,0.0,0.0,0.0,0.0,N,f5a4aee251553e0570743519cbaa7a2e,2024-11-24 00:00:00.000,0
,969610162202,,ARM QUEUING: Please evaluate the accounts for tt/d113007432,2024-11-24 00:00:00.000,1,112-9528013-0565866,2024-11-24T06:33:57,3,356.6,tier2,0.7626761758561132,US,US,US,,,CC,"107,147","B0BJLT98Q7,B0C375272K,B0CRVC4NMT",,1.0,0.0,1.0,1.0,608808520.0,0.0,3.0,nNFikz7BBx3EhSgwi5Zqvg==,7.0,14.0,807.43,1672.41,0.0,0.0,0.0,0.0,-1.0,-1.0,0.0,0.0,0.0,0.0,N,39e9dcff90fdaf3af76a42d517ebe1db,2024-11-24 00:00:00.000,0
,36014612115,,ARM QUEUING: Please evaluate the accounts for tt/d141997345,2024-11-24 00:00:00.000,7,702-8809216-9572204,2024-11-24T09:37:02,20,9112.98,tier2,0.953115744367491,,,,,,,,,,,,,,,,,,,,,,,,,,,,,,,,N,9a7a747761e6d65733a2f4ec0979fd26,2024-11-24 00:00:00.000,0
,978766522102,,ARM QUEUING: Please evaluate the accounts for tt/d113007432,2024-11-24 00:00:00.000,1,111-5788077-5729836,2024-11-24T09:42:51,3,274.36,tier2,0.7451594391622611,US,US,US,US,me.com,CC,23,B0C8PSMPTH,I3,1.0,1.0,1.0,1.0,608808520.0,0.0,1.0,mXn2cdJR5t+bk1ETZP27pw==,225.0,802.0,10666.55,46185.61,0.0,0.0,0.0,0.0,-1.0,-1.0,0.0,0.0,0.0,0.0,N,fd39d56938b8e5b02e320d0823817a78,2024-11-24 00:00:00.000,0
,150084304212,,ARM QUEUING: Please evaluate the accounts for tt/d141997345,2024-11-24 00:00:00.000,44551,407-9930558-4517953,2024-11-24T22:42:56,3,2318.99,tier2,0.9394290068221026,ES,ES,ES,ES,,CC,"63,107","B07HCVN3D1,B0DGJFVRJZ,B0DGXQGMGT",,1.0,1.0,4.0,1.0,695831032.0,1451.901655,3.0,,,,,,,,,,,,,,,,N,2bb1e50f6d5e1af32024c9f6dc7fb0c8,2024-11-24 00:00:00.000,0
,978691324602,,ARM QUEUING: Please evaluate the accounts for tt/d139889713,2024-11-24 00:00:00.000,1,113-3803174-6213018,2024-11-24T20:02:19,3,50.45,tier3,1.0,,,,,,,,,,,,,,,,,,,,,,,,,,,,,,,,N,309d2a9990f34d8aecb397e6eb68c087,2024-11-24 00:00:00.000,0
,973997823202,,ARM QUEUING: Please evaluate the accounts for tt/d113007432,2024-11-24 00:00:00.000,1,113-7456885-6098615,2024-11-24T20:18:40,3,453.68,tier2,0.929954090212468,,,,,,,,,,,,,,,,,,,,,,,,,,,,,,,,N,20e75fe262261f880e548f5a89eeeb4e,2024-11-24 00:00:00.000,0
,978920857302,,ARM QUEUING: Please evaluate the accounts for tt/d139889713,2024-11-24 00:00:00.000,1,112-3815706-3060242,2024-11-24T12:50:20,3,10.98,tier3,1.0,US,US,US,,gmail.com,CC,263,B06XSQ7NP1,,1.0,1.0,7.0,1.0,17592513005.0,0.0,1.0,3TJJOQqt4ft93a5cAO5tPA==,11.0,20.0,220.77,360.18,0.0,0.0,0.0,0.0,-1.0,-1.0,0.0,0.0,0.0,0.0,N,8437d27c1475c59f3fbcdf322a4f9f60,2024-11-24 00:00:00.000,0
,978919149502,,ARM QUEUING: Please evaluate the accounts for tt/d139889713,2024-11-24 00:00:00.000,1,112-2601660-3150649,2024-11-24T14:04:19,3,16.54,tier3,1.0,US,US,US,,yahoo.com,CC,"21,147","B0CSYM37VN,B0D5HMKXYB",,1.0,1.0,7.0,1.0,608808520.0,0.0,2.0,ULtO7nUd6DwXDa91Y7qTXw==,1.0,3.0,26.96,129.41,0.0,0.0,0.0,0.0,-1.0,-1.0,0.0,0.0,0.0,0.0,N,2732cf1b5927683a66664aa8019ae7e2,2024-11-24 00:00:00.000,0
,9921897715,,ARM QUEUING: Please evaluate the accounts for tt/d141997345,2024-11-24 00:00:00.000,7,702-8229673-6943414,2024-11-24T21:36:08,3,3519.71,tier2,0.8826756114911145,,,,,,,,,,,,,,,,,,,,,,,,,,,,,,,,N,aa8c2575ef1a59ba18b513ec3de1bf1e,2024-11-24 00:00:00.000,0
,978677028602,,ARM QUEUING: Please evaluate the accounts for tt/d139889713,2024-11-24 00:00:00.000,1,112-4352241-0270600,2024-11-24T05:17:19,4,45.38,tier3,1.0,US,US,US,,gmail.com,CC,79,B0D2ZBCBS9,I8,1.0,1.0,7.0,1.0,608808520.0,0.0,1.0,jC7xaIqF6CHi0fyL6o8Zvg==,0.0,0.0,0.0,0.0,0.0,0.0,0.0,0.0,-1.0,-1.0,-1.0,-1.0,-1.0,-1.0,I,1fb3c13fe628e299ce35bd5c93f11b92,2024-11-24 00:00:00.000,0
,977517380602,,ARM QUEUING: Please evaluate the accounts for tt/d113007432,2024-11-24 00:00:00.000,1,112-5377601-7712224,2024-11-24T02:08:09,4,1077.0,tier2,0.9384836174301524,US,UZ,US,,gmail.com,CC,107,B0DGHQ2QH6,,1.0,1.0,1.0,1.0,608808520.0,0.0,3.0,DOVvtQqum/qvDstFWRnm3g==,69.0,87.0,73667.83,82139.46,0.0,0.0,0.0,0.0,-1.0,-1.0,0.473585,0.528046,0.0,0.0,N,f831dfa4ab43283e0f1704fcf258c18b,2024-11-24 00:00:00.000,0
,978502483802,,ARM QUEUING: Please evaluate the accounts for tt/d139889713,2024-11-24 00:00:00.000,1,113-6974397-5320215,2024-11-24T13:19:13,3,76.8,tier3,1.0,US,US,US,,gmail.com,CC,421,B0BK2KCC3C,,1.0,0.0,1.0,1.0,45828893502.0,0.0,2.0,goOPOvli9WbPXHbhCdcKXQ==,0.0,0.0,0.0,0.0,0.0,0.0,0.0,0.0,-1.0,-1.0,-1.0,-1.0,-1.0,-1.0,N,90a898e10849734c3416818ff84c4410,2024-11-24 00:00:00.000,0
,978858494902,,ARM QUEUING: Please evaluate the accounts for tt/d139889713,2024-11-24 00:00:00.000,1,114-2018147-7893815,2024-11-24T11:00:57,4,70.19,tier1,0.8472808584139107,US,US,US,US,gmail.com,CC,424,B0D1DMSV9G,I8,1.0,1.0,7.0,1.0,608808520.0,0.0,1.0,p6R0gEeshAZQ6x0y/nIRfw==,4.0,6.0,213.36,310.24,0.0,0.0,0.0,0.0,-1.0,-1.0,0.0,0.0,0.0,0.0,N,7e56135f6e871a400382251f24343eb7,2024-11-24 00:00:00.000,0
,968094732802,,ARM QUEUING: Please evaluate the accounts for tt/d139889713,2024-11-24 00:00:00.000,1,114-8627932-4837011,2024-11-24T10:42:52,3,71.85,tier1,0.9012023098451818,US,US,US,,gmail.com,CC,194,"B084VRNZW4,B0CBSZJ4B7",,1.0,1.0,7.0,1.0,1015154461.0,0.0,2.0,PyWpvRkm5WoKLPPCY3s1UQ==,0.0,0.0,0.0,0.0,0.0,0.0,0.0,0.0,-1.0,-1.0,-1.0,-1.0,-1.0,-1.0,N,d817af85cd481a52da9ceba9542b9154,2024-11-24 00:00:00.000,0
,978688616802,,ARM QUEUING: Please evaluate the accounts for tt/d139889713,2024-11-24 00:00:00.000,1,111-9817436-2636257,2024-11-24T05:04:11,3,69.44,tier1,0.8536523089680733,US,US,US,,,CC,469,B008M7RK06,,1.0,1.0,7.0,1.0,608808520.0,0.0,1.0,lNvDXdwnCKAmZIygZ4uG1Q==,0.0,0.0,0.0,0.0,0.0,0.0,0.0,0.0,-1.0,-1.0,-1.0,-1.0,-1.0,-1.0,N,98736f2c28d11d33f919936ef83eea3f,2024-11-24 00:00:00.000,0
,51419803705,,ARM QUEUING: Please evaluate the accounts for tt/d141997345,2024-11-24 00:00:00.000,1,112-0235681-3674629,2024-11-24T14:18:51,3,1972.49,tier2,0.80512183096997,US,LT,US,,gmail.com,CC,"23,147","B0058EG0KC,B09B95TD8R,B0C2P58Q14,B0DLHDJH98",ID,1.0,0.0,4.0,1.0,608808520.0,2556.018062,4.0,OUDrWMO9DMervQUy0pGf4w==,0.0,3.0,0.0,217.49,0.0,0.0,0.0,0.0,-1.0,-1.0,0.0,-1.0,0.0,-1.0,N,01d2ec7dae5b6d85669fe161b37bbc2f,2024-11-24 00:00:00.000,0
,976444657102,,ARM QUEUING: Please evaluate the accounts for tt/d113007432,2024-11-24 00:00:00.000,1,113-5839836-8040262,2024-11-24T17:43:49,3,13.93,tier1,0.5602844129164628,,,,,,,,,,,,,,,,,,,,,,,,,,,,,,,,N,0931050514bc0c7ae7da9227b67a7cd6,2024-11-24 00:00:00.000,0
,977797282302,,ARM QUEUING: Please evaluate the accounts for tt/d113007432,2024-11-24 00:00:00.000,1,111-4620966-9329814,2024-11-24T15:32:39,4,23.34,tier1,0.4817613938310779,US,US,US,,gmail.com,CC,"107,194,504","B075QNC39Q,B08FB5GWZZ,B0CY3VFR9B",,1.0,1.0,7.0,1.0,695747825702.0,1.877149,3.0,gD+vcAX8XEelgf2n04gyDw==,21.0,68.0,695.36,2017.97,0.0,0.0,0.0,0.0,-1.0,-1.0,5.545177,12.429533,0.0,0.0,N,1a4b4dfa6940b66211f2ef0d7032fd87,2024-11-24 00:00:00.000,0
,14210203005,,ARM QUEUING: Please evaluate the accounts for tt/d141997345,2024-11-24 00:00:00.000,1,111-2988197-4121823,2024-11-24T12:10:18,5,396.13,tier2,0.8388314434207339,US,US,US,,yahoo.com,CC,421,B0DBQTC2P7,I8,1.0,0.0,4.0,1.0,608808520.0,4030.986551,1.0,DU773PjavMzeF70guFLO0w==,1.0,23.0,92.54,801.76,3.0,8.0,47.97,140.08,0.0,0.0,0.0,0.0,0.0,0.0,N,760d3d3892710a57dbd4a6e88c79d234,2024-11-24 00:00:00.000,0
,978637218402,,ARM QUEUING: Please evaluate the accounts for tt/d113007432,2024-11-24 00:00:00.000,1,114-8204254-6419465,2024-11-24T19:16:52,3,1107.97,tier2,0.7395210998135809,,,,,,,,,,,,,,,,,,,,,,,,,,,,,,,,N,ac7bcf1717b1bb48cf43b44f9dbdcb41,2024-11-24 00:00:00.000,0
,979082754302,,ARM QUEUING: Please evaluate the accounts for tt/d113007432,2024-11-24 00:00:00.000,1,112-5702920-3223443,2024-11-24T17:33:17,20,4012.45,tier1,0.7769328160978176,,,,,,,,,,,,,,,,,,,,,,,,,,,,,,,,N,75295e9ff74dddc8f7361f52e756b2df,2024-11-24 00:00:00.000,0
,742775597612,,ARM QUEUING: Please evaluate the accounts for tt/d141997345,2024-11-24 00:00:00.000,5,404-9806458-7333151,2024-11-24T12:14:26,4,15.58,tier2,0.3767456805740168,FR,,FR,,,"CC,GC",23,B00E3DVQFS,,1.0,1.0,4.0,1.0,11.0,106.33666,1.0,O0D7qMJcaDYuRIuEKnFv0Q==,,,,,,,,,,,,,,,N,73f740994ab7a065403ef7fc7e31949d,2024-11-24 00:00:00.000,0
,978569434002,,ARM QUEUING: Please evaluate the accounts for tt/d139889713,2024-11-24 00:00:00.000,1,111-8150355-3253825,2024-11-24T12:58:36,3,173.0,tier3,1.0,US,US,US,,gmail.com,CC,"60,194,451,510","B00ZPWR0N8,B07RCNB2L3,B07XKF5RM3,B08BW46XXK,B09B7NQT2K,B0B2RM68G2",,1.0,1.0,3.0,1.0,608808520.0,0.0,6.0,e1TgDxM4oo7+9qmg50rxmA==,73.0,313.0,5080.15,23220.62,0.0,0.0,0.0,0.0,-1.0,-1.0,0.23182,1.059614,0.0,0.0,N,f2d6cc2ce1cb8e41ffc2726af53827b2,2024-11-24 00:00:00.000,0
,978552457402,,ARM QUEUING: Please evaluate the accounts for tt/d139889713,2024-11-24 00:00:00.000,1,111-4951187-5830668,2024-11-24T11:01:03,24,42.88,tier1,0.5214978439561039,US,US,US,,gmail.com,CC,"21,421","B0BFQRCXRC,B0BG8PWSMJ,B0CTF3LQFF",I4,1.0,1.0,7.0,1.0,169527019002.0,0.0,3.0,jC7xaIqF6CHi0fyL6o8Zvg==,0.0,0.0,0.0,0.0,0.0,0.0,0.0,0.0,-1.0,-1.0,-1.0,-1.0,-1.0,-1.0,N,72e07508ed424896a0b0273b28c621c5,2024-11-24 00:00:00.000,0
,978980478702,,ARM QUEUING: Please evaluate the accounts for tt/d139889713,2024-11-24 00:00:00.000,1,111-3577995-4524226,2024-11-24T14:06:09,3,63.1,tier3,1.0,US,US,US,,,CC,"194,510","B079QBN8B9,B0875TMVB6,B08K3QF1YN",,1.0,0.0,7.0,1.0,139808322902.0,0.0,3.0,hkJMIkyWEq2IwZs5jIC4SA==,0.0,1.0,0.0,8.97,0.0,0.0,0.0,0.0,-1.0,-1.0,0.0,-1.0,0.0,-1.0,N,f6e91c261d62276b9492c0b67b6d9142,2024-11-24 00:00:00.000,0
,921218329602,,ARM QUEUING: Please evaluate the accounts for tt/d141997345,2024-11-24 00:00:00.000,7,701-5460873-0716205,2024-11-24T11:05:28,20,5762.7,tier2,0.7440850232818552,,,,,,,,,,,,,,,,,,,,,,,,,,,,,,,,N,29d423d9af866af7134255aef01f8bb6,2024-11-24 00:00:00.000,0
,978337692302,,ARM QUEUING: Please evaluate the accounts for tt/d113007432,2024-11-24 00:00:00.000,1,113-6488011-3008231,2024-11-24T04:41:46,3,44.49,tier1,0.7384776552493912,US,JM,US,,gmail.com,CC,309,B0CJT8W8FG,,1.0,0.0,7.0,1.0,608808520.0,0.0,1.0,hxxKW4dDOqbfCPW97UZUpw==,3.0,20.0,124.35,881.78,0.0,0.0,0.0,0.0,-1.0,-1.0,27.342421,0.0,0.0,0.0,N,e7a22937980620a633ede77342340eae,2024-11-24 00:00:00.000,0
,978202721602,,ARM QUEUING: Please evaluate the accounts for tt/d113007432,2024-11-24 00:00:00.000,1,112-2494158-0873026,2024-11-24T10:08:48,3,17.06,tier1,0.8795418320145816,GB,GB,US,GB,outlook.com,CC,121,B0C35Z66QV,,1.0,1.0,7.0,1.0,608808520.0,0.0,1.0,OUDrWMO9DMervQUy0pGf4w==,13.0,13.0,238.32,238.32,0.0,0.0,0.0,0.0,-1.0,-1.0,0.0,0.0,0.0,0.0,N,1695fb7c83af47677b260e11b5984a66,2024-11-24 00:00:00.000,0
,40678905805,,ARM QUEUING: Please evaluate the accounts for tt/d141997345,2024-11-24 00:00:00.000,7,701-4382046-2693808,2024-11-24T11:23:19,4,5083.87,tier2,0.712484327475347,CA,,CA,,,Installments,147,B0DJ2PCT71,,0.0,0.0,4.0,0.0,7565682615.0,3088.233979,1.0,Frhs7VeOcKA9iLk9B8VUZw==,,,,,,,,,,,,,,,N,fb2fcebbf8a41ce5891e94f3459087bf,2024-11-24 00:00:00.000,0
,978947180902,,ARM QUEUING: Please evaluate the accounts for tt/d113007432,2024-11-24 00:00:00.000,1,114-6445743-0807441,2024-11-24T13:56:25,4,616.1,tier2,0.715585528088855,US,US,US,,gmail.com,CC,107,"B0DBDDJBPH,B0DCLPFZDF",I3,1.0,1.0,1.0,1.0,608808520.0,0.0,2.0,RN3mVWzjgXdDDydrV/HybQ==,6.0,15.0,342.63,805.53,0.0,0.0,0.0,0.0,-1.0,-1.0,0.0,0.0,0.0,0.0,N,62e5c70a248d5a5811ea3821cd9c5c87,2024-11-24 00:00:00.000,0
,153006012302,,ARM QUEUING: Please evaluate the accounts for tt/d141997345,2024-11-24 00:00:00.000,1,111-6250758-1949001,2024-11-24T10:26:36,3,587.31,tier2,0.7854078526130305,US,GT,US,,proton.me,CC,"23,147,469","B08MTTX66X,B08P25VBY1,B0CM74YFSP",IU,1.0,0.0,4.0,1.0,608808520.0,898.022988,3.0,feHw4DsloHeXlB04FHEBYg==,209.0,986.0,14216.32,76951.72,0.0,0.0,0.0,0.0,-1.0,-1.0,0.073397,0.0,0.0,0.0,N,3b1c77f371b401303577f6cc7868a66c,2024-11-24 00:00:00.000,0
,447957585202,,ARM QUEUING: Please evaluate the accounts for tt/d141997345,2024-11-24 00:00:00.000,7,702-9852808-8718645,2024-11-24T23:32:41,20,3100.74,tier2,0.8543317388383513,,,,,,,,,,,,,,,,,,,,,,,,,,,,,,,,I,f9817a18a214fdf1056a21d69db502b9,2024-11-24 00:00:00.000,0
,977501642902,,ARM QUEUING: Please evaluate the accounts for tt/d113007432,2024-11-24 00:00:00.000,1,113-5864827-8951417,2024-11-24T08:10:50,3,109.99,tier1,0.5364943016589669,PH,PH,US,PH,gmail.com,CC,349,B0CNVCQZG1,,1.0,1.0,51.0,1.0,608808520.0,1.495856,1.0,hKmtDxjqYoHu7PukiKuviA==,85.0,369.0,9238.65,27636.4,0.0,0.0,0.0,0.0,-1.0,-1.0,0.431605,0.887359,0.0,0.0,N,3370f89f76a42ee81870ebafa9ca2ab8,2024-11-24 00:00:00.000,0
,963049952802,,ARM QUEUING: Please evaluate the accounts for tt/d141997345,2024-11-24 00:00:00.000,7,701-2056187-9194633,2024-11-24T09:11:24,24,2671.89,tier2,0.9761139314352968,US,US,CA,,,CC,147,B0DLHDX33S,,1.0,0.0,1.0,1.0,13.0,11.883222,1.0,OUDrWMO9DMervQUy0pGf4w==,,,,,,,,,,,,,,,N,615ff2069b0936832b46fe5c03bde427,2024-11-24 00:00:00.000,0
,978526548002,,ARM QUEUING: Please evaluate the accounts for tt/d139889713,2024-11-24 00:00:00.000,1,114-5904335-6130657,2024-11-24T07:45:54,3,23.73,tier3,1.0,US,US,US,,gmail.com,CC,194,B0C1BN3QWG,,1.0,1.0,7.0,0.0,311581626802.0,0.0,1.0,z8p/13iv1uMAHH6w8+dvdw==,8.0,39.0,371.38,1717.09,0.0,0.0,0.0,0.0,-1.0,-1.0,0.0,0.0,0.0,0.0,N,3893cdbd7a5dcf51fe0e405549f1cc4a,2024-11-24 00:00:00.000,0
,386052990402,,ARM QUEUING: Please evaluate the accounts for tt/d141997345,2024-11-24 00:00:00.000,7,702-5352187-4301033,2024-11-24T14:14:27,20,6009.65,tier2,0.8826916645719716,,,,,,,,,,,,,,,,,,,,,,,,,,,,,,,,N,6e8bdacc65bf45af9c57217f4c10280d,2024-11-24 00:00:00.000,0
,978778507902,,ARM QUEUING: Please evaluate the accounts for tt/d113007432,2024-11-24 00:00:00.000,1,113-3573138-6116211,2024-11-24T16:00:43,3,702.23,tier2,0.7976157678145632,,,,,,,,,,,,,,,,,,,,,,,,,,,,,,,,N,e5a321047cac330d46b5a43a9718605e,2024-11-24 00:00:00.000,0
,978948965802,,ARM QUEUING: Please evaluate the accounts for tt/d139889713,2024-11-24 00:00:00.000,1,113-9148031-0086621,2024-11-24T13:54:31,4,47.48,tier3,1.0,US,US,US,,gmail.com,CC,"193,309","B01DFY16B4,B0BGWH2FDM",,1.0,1.0,51.0,1.0,608808520.0,0.0,2.0,ULtO7nUd6DwXDa91Y7qTXw==,2.0,5.0,32.57,150.15,0.0,0.0,0.0,0.0,-1.0,-1.0,0.0,0.0,0.0,0.0,N,45c5452167b3c9d40e707efbd76cc478,2024-11-24 00:00:00.000,0
,162717020812,,ARM QUEUING: Please evaluate the accounts for tt/d113007432,2024-11-24 00:00:00.000,1,112-0237234-4942675,2024-11-24T21:48:36,20,1357.66,tier2,0.7037718041055155,,,,,,,,,,,,,,,,,,,,,,,,,,,,,,,,N,f9f1d6cf16269fa36c23dde9a40b325a,2024-11-24 00:00:00.000,0
,849132394102,,ARM QUEUING: Please evaluate the accounts for tt/d141997345,2024-11-24 00:00:00.000,1,112-2347492-9163434,2024-11-24T19:07:01,5,989.49,tier2,0.761843532250593,,,,,,,,,,,,,,,,,,,,,,,,,,,,,,,,N,6c49aaeb73f97b509d87b8b1ecdae8cd,2024-11-24 00:00:00.000,0
,979125953802,,ARM QUEUING: Please evaluate the accounts for tt/d139889713,2024-11-24 00:00:00.000,1,114-8042323-1037853,2024-11-24T18:34:45,20,51.47,tier1,0.8462410130190609,,,,,,,,,,,,,,,,,,,,,,,,,,,,,,,,I,f4a85ed417f2e2c842efa8b32c9502c6,2024-11-24 00:00:00.000,0
,977671365702,,ARM QUEUING: Please evaluate the accounts for tt/d113007432,2024-11-24 00:00:00.000,1,112-5285683-3912248,2024-11-24T04:45:10,24,269.99,tier2,0.9119613669941824,US,PL,US,AM,gmail.com,CC,"147,201","B0D87BP9B6,B0D9QFBM4W",,1.0,1.0,1.0,1.0,42542443905.0,0.0,2.0,6gItGDZy5s8wksuyFNxP5w==,24.0,75.0,3854.74,17215.91,0.0,0.0,0.0,0.0,-1.0,-1.0,0.0,0.0,0.0,0.0,N,b16b121e129e1d85064b2e78e4d4c698,2024-11-24 00:00:00.000,0
,823419645202,,ARM QUEUING: Please evaluate the accounts for tt/d113007432,2024-11-24 00:00:00.000,1,112-3595329-6337038,2024-11-24T21:37:42,3,79.43,tier1,0.6803816889328526,,,,,,,,,,,,,,,,,,,,,,,,,,,,,,,,N,01a065ed6419442d30ae31f34129b76f,2024-11-24 00:00:00.000,0
,978690096902,,ARM QUEUING: Please evaluate the accounts for tt/d139889713,2024-11-24 00:00:00.000,1,111-3300674-4530611,2024-11-24T16:49:32,3,10.98,tier3,1.0,,,,,,,,,,,,,,,,,,,,,,,,,,,,,,,,N,6bb3dc1644cb216ae6355aacf1875e0f,2024-11-24 00:00:00.000,0
,978926670102,,ARM QUEUING: Please evaluate the accounts for tt/d139889713,2024-11-24 00:00:00.000,1,112-2692766-2570601,2024-11-24T12:48:54,4,6.93,tier3,1.0,US,US,US,,yahoo.com,CC,229,B0CGZNL6PC,,1.0,1.0,7.0,1.0,650896850602.0,0.0,1.0,pV08jyeDhPEt/J285J26kQ==,0.0,2.0,0.0,159.59,0.0,0.0,0.0,0.0,-1.0,-1.0,0.0,-1.0,0.0,-1.0,N,9299c447534f7ee2d2f6f3e55506ea37,2024-11-24 00:00:00.000,0
,974561610802,,ARM QUEUING: Please evaluate the accounts for tt/d113007432,2024-11-24 00:00:00.000,1,111-1846641-1576233,2024-11-22T15:48:43,3,19.12,tier1,0.3064886436040185,LC,LC,US,,hotmail.com,CC,"23,121,194","B000Q6D3MA,B006MD1OHM,B00X89WNRS,B0C24BKQY6",,1.0,1.0,7.0,1.0,33517542505.0,4.211473,7.0,n5ocS9W4Fvfp2mjv1Sx4SA==,132.0,488.0,9712.39,45414.87,0.0,0.0,0.0,0.0,-1.0,-1.0,1.517455,3.061965,0.0,0.0,N,4cd17e021b2f771f5aad3377da9e0a87,2024-11-24 00:00:00.000,0
,978903723002,,ARM QUEUING: Please evaluate the accounts for tt/d113007432,2024-11-24 00:00:00.000,1,113-6390819-3593831,2024-11-24T11:28:59,3,63.38,tier1,0.8399462464749636,SA,TR,SA,DK,gmail.com,CC,201,B0BN3Q6JX2,,1.0,0.0,6.0,1.0,537851774702.0,0.0,1.0,O4XsrmpBHylq5Wb4rqsGoQ==,0.0,0.0,0.0,0.0,0.0,0.0,0.0,0.0,-1.0,-1.0,-1.0,-1.0,-1.0,-1.0,N,1e3509888a2b7b1fc2e68e4bbb2d5017,2024-11-24 00:00:00.000,0
,978962480602,,ARM QUEUING: Please evaluate the accounts for tt/d139889713,2024-11-24 00:00:00.000,1,111-6417478-7394604,2024-11-24T20:09:12,3,130.36,tier3,1.0,,,,,,,,,,,,,,,,,,,,,,,,,,,,,,,,N,febdd73a6b5b8b25ac18c04667badf72,2024-11-24 00:00:00.000,0
,8112524415,,ARM QUEUING: Please evaluate the accounts for tt/d141997345,2024-11-24 00:00:00.000,1,111-6009057-3961854,2024-11-24T12:31:22,3,850.99,tier2,0.7243595496877036,US,PA,US,,gmail.com,CC,147,B0DLHY19N3,IU,1.0,0.0,4.0,1.0,608808520.0,3093.223147,1.0,lAgesaU1JQcri7oQHVHaSg==,147.0,551.0,9273.35,32411.31,0.0,0.0,0.0,0.0,-1.0,-1.0,0.046774,0.0,0.0,0.0,N,c6d0ab380cae5e8a2c44d6a020ffc3f3,2024-11-24 00:00:00.000,0
,256507518712,,ARM QUEUING: Please evaluate the accounts for tt/d141997345,2024-11-24 00:00:00.000,44551,405-8598439-2878712,2024-11-24T17:59:04,3,2640.99,tier2,0.8970535103095942,ES,ES,ES,ES,,CC,147,B0CXFBPK47,ID,1.0,0.0,4.0,1.0,695831032.0,1108.956053,3.0,OUDrWMO9DMervQUy0pGf4w==,,,,,,,,,,,,,,,N,9155bc0d04a152bf440047e02c8c4b73,2024-11-24 00:00:00.000,0
,976387078102,,ARM QUEUING: Please evaluate the accounts for tt/d141997345,2024-11-24 00:00:00.000,7,701-9746922-6259447,2024-11-24T10:51:17,20,3869.07,tier2,0.9795252476068266,,,,,,,,,,,,,,,,,,,,,,,,,,,,,,,,N,eff7480a99f8896ed59b6964247ea3ba,2024-11-24 00:00:00.000,0
,33828766315,,ARM QUEUING: Please evaluate the accounts for tt/d141997345,2024-11-24 00:00:00.000,1,111-6338246-7378606,2024-11-24T17:01:21,3,1520.37,tier2,0.7953872905737823,,,,,,,,,,,,,,,,,,,,,,,,,,,,,,,,N,36e5182d93abd134c227bb1a34394ad7,2024-11-24 00:00:00.000,0
,976374004002,,ARM QUEUING: Please evaluate the accounts for tt/d113007432,2024-11-24 00:00:00.000,1,112-4114778-8423404,2024-11-24T11:07:35,20,22.3,tier1,0.7387494180419245,,,,,,,,,,,,,,,,,,154.0,550.0,8645.19,28350.54,0.0,0.0,0.0,0.0,-1.0,-1.0,0.070475,0.0,0.0,0.0,N,422825b11ca91c09f1bd0ce748ec0ede,2024-11-24 00:00:00.000,0
,855162079502,,ARM QUEUING: Please evaluate the accounts for tt/d141997345,2024-11-24 00:00:00.000,1,111-2688786-5091409,2024-11-24T17:31:23,3,13.24,tier1,0.3990880619444401,,,,,,,,,,,,,,,,,,,,,,,,,,,,,,,,N,6ece65eb6dc84d19e47556080c84529f,2024-11-24 00:00:00.000,0
,156864286402,,ARM QUEUING: Please evaluate the accounts for tt/d141997345,2024-11-24 00:00:00.000,1,113-5180458-6366615,2024-11-24T10:54:26,3,1263.68,tier2,0.7531127632043121,CO,CO,US,CO,gmail.com,CC,147,B0CRD1QRF4,N2,1.0,0.0,4.0,1.0,608808520.0,1761.639491,1.0,,20.0,88.0,962.16,7152.93,0.0,0.0,0.0,0.0,-1.0,-1.0,0.0,0.0,0.0,0.0,N,5821e0e50f8330a86e24d3b79e0d66e6,2024-11-24 00:00:00.000,0
,978670927102,,ARM QUEUING: Please evaluate the accounts for tt/d113007432,2024-11-24 00:00:00.000,1,113-0970488-5327417,2024-11-24T03:40:24,3,972.23,tier2,0.7181908178041212,US,VN,US,VN,gmail.com,CC,147,B0C4Q977TD,,1.0,0.0,1.0,1.0,608808520.0,0.0,1.0,OUDrWMO9DMervQUy0pGf4w==,5.0,5.0,336.4,336.4,0.0,0.0,0.0,0.0,-1.0,-1.0,0.0,0.0,0.0,0.0,N,21738636dd8d7dbb4d646da2d727e255,2024-11-24 00:00:00.000,0
,979026950602,,ARM QUEUING: Please evaluate the accounts for tt/d139889713,2024-11-24 00:00:00.000,1,114-3958783-3205858,2024-11-24T16:20:42,3,74.89,tier1,0.8231298341705147,,,,,,,,,,,,,,,,,,,,,,,,,,,,,,,,N,46f89cf8cd95b3312010e4d6d21ef5eb,2024-11-24 00:00:00.000,0
,972618187902,,ARM QUEUING: Please evaluate the accounts for tt/d113007432,2024-11-24 00:00:00.000,1,112-7379346-5679469,2024-11-24T16:45:20,3,299.0,tier1,0.527026858171339,,,,,,,,,,,,,,,,,,,,,,,,,,,,,,,,N,6d873f21d16463bfc450618e2b5a4e60,2024-11-24 00:00:00.000,0
,977212951002,,ARM QUEUING: Please evaluate the accounts for tt/d113007432,2024-11-24 00:00:00.000,1,111-1498628-7202661,2024-11-25T00:50:33,16,3261.55,tier2,0.9352761420958466,,,,,,,,,,,,,,,,,,,,,,,,,,,,,,,,N,c0493db803bf8b4c5960cd9eb627d783,2024-11-24 00:00:00.000,0
,969898264002,,ARM QUEUING: Please evaluate the accounts for tt/d139889713,2024-11-24 00:00:00.000,1,111-1673031-8711413,2024-11-24T19:54:27,3,72.16,tier1,0.8484368756049238,,,,,,,,,,,,,,,,,,,,,,,,,,,,,,,,N,3b372bf3ff619e008d6e2d54b6e98155,2024-11-24 00:00:00.000,0
,979163395802,,ARM QUEUING: Please evaluate the accounts for tt/d113007432,2024-11-24 00:00:00.000,1,112-2019703-8529023,2024-11-24T20:42:58,3,41.35,tier1,0.5315412716168842,,,,,,,,,,,,,,,,,,,,,,,,,,,,,,,,N,14cbddb5dc549d8bd42662516c2280ff,2024-11-24 00:00:00.000,0
,978889550902,,ARM QUEUING: Please evaluate the accounts for tt/d139889713,2024-11-24 00:00:00.000,1,112-1199265-3964219,2024-11-24T11:50:38,3,48.75,tier1,0.804651023498096,US,SV,US,SV,gmail.com,CC,23,B0B64DG57C,,1.0,1.0,1.0,1.0,608808520.0,0.0,1.0,Q5tLFV8Am3h/OMrdfcUAFw==,0.0,0.0,0.0,0.0,0.0,0.0,0.0,0.0,-1.0,-1.0,-1.0,-1.0,-1.0,-1.0,N,60957a6442fce5ad7e251cc461e2a6d5,2024-11-24 00:00:00.000,0
,978715029902,,ARM QUEUING: Please evaluate the accounts for tt/d139889713,2024-11-24 00:00:00.000,1,114-4677704-0979443,2024-11-24T08:53:32,4,10.89,tier3,1.0,US,US,US,,gmail.com,CC,194,B09NX9SRKM,,1.0,0.0,7.0,1.0,608808520.0,0.0,1.0,qzSe0gn4GzSy5NiTMNzN4w==,0.0,0.0,0.0,0.0,0.0,0.0,0.0,0.0,-1.0,-1.0,-1.0,-1.0,-1.0,-1.0,N,3748cf5a5e5a8cd921d3df3ac36b75a3,2024-11-24 00:00:00.000,0
,976871941402,,ARM QUEUING: Please evaluate the accounts for tt/d113007432,2024-11-24 00:00:00.000,1,114-4338496-7999456,2024-11-24T13:53:29,3,358.2,tier2,0.8478013837701188,IN,IN,US,,,CC,107,B0DGHYQ1VJ,N2,1.0,1.0,1.0,1.0,608808520.0,3.126134,1.0,mXn2cdJR5t+bk1ETZP27pw==,4.0,18.0,330.76,912.07,0.0,0.0,0.0,0.0,-1.0,-1.0,0.0,0.0,0.0,0.0,N,6519769180f2100f9fed4d17a2e0b55f,2024-11-24 00:00:00.000,0
,956442520902,,ARM QUEUING: Please evaluate the accounts for tt/d113007432,2024-11-24 00:00:00.000,1,113-8327854-9572236,2024-11-24T13:55:52,3,460.67,tier2,0.9002917253932978,EC,EC,US,EC,gmail.com,CC,63,B0CL61F39H,N2,1.0,0.0,1.0,0.0,608808520.0,0.0,1.0,dbSEfIDqusm4lsntzW2XxQ==,8.0,31.0,391.99,1888.01,0.0,0.0,0.0,0.0,-1.0,-1.0,0.0,0.0,0.0,0.0,N,86deba0c0b51096b22003c51844af642,2024-11-24 00:00:00.000,0
,870532340402,,ARM QUEUING: Please evaluate the accounts for tt/d141997345,2024-11-24 00:00:00.000,7,702-0337977-8019402,2024-11-24T14:17:08,3,3370.48,tier2,0.8953007007722474,CA,CA,CA,CA,,CC,"23,147","B0BYNZJ5VV,B0DBFVY5P4",,1.0,1.0,4.0,1.0,13.0,131.239711,2.0,,,,,,,,,,,,,,,,N,cec80d1e6406d26f5ac00b5c14149acc,2024-11-24 00:00:00.000,0
,812903006912,,ARM QUEUING: Please evaluate the accounts for tt/d141997345,2024-11-24 00:00:00.000,4,305-4891582-2289146,2024-11-24T17:38:44,24,24746.19,tier1,0.4400058160332729,DE,,DE,US,,DD,107,"B0CNH5KNGP,B0CNH5SXZN,B0CNH89RCB,B0DGHQL7R1,B0DGHTKMV3",,1.0,0.0,1.0,1.0,779948990902.0,0.0,18.0,ZAYuH5tL82/LQf896GvIrg==,,,,,,,,,,,,,,,N,26672a1e0a09a9db43a37a72fce2cc56,2024-11-24 00:00:00.000,0
,505382103612,,ARM QUEUING: Please evaluate the accounts for tt/d113007432,2024-11-24 00:00:00.000,1,114-4172011-5924221,2024-11-24T13:05:46,20,589.0,tier2,0.9175731758775312,,,,,,,,,,,,,,,,,,197.0,881.0,7538.07,28982.64,0.0,0.0,0.0,0.0,-1.0,-1.0,0.369187,0.159059,0.0,0.0,N,36e653ce6ac05e8962ffed595b6de96f,2024-11-24 00:00:00.000,0
,979127001302,,ARM QUEUING: Please evaluate the accounts for tt/d139889713,2024-11-24 00:00:00.000,1,113-4092137-5933837,2024-11-24T19:05:52,3,60.87,tier1,0.7291603759499361,,,,,,,,,,,,,,,,,,,,,,,,,,,,,,,,N,8f52611a8098d16ebaf485d7793feab4,2024-11-24 00:00:00.000,0
,976224066202,,ARM QUEUING: Please evaluate the accounts for tt/d113007432,2024-11-24 00:00:00.000,1,114-1973805-5473040,2024-11-22T16:48:27,3,635.99,tier2,0.8207143415627091,US,CL,US,,outlook.com,CC,107,B0CL5FG7QJ,,1.0,1.0,1.0,1.0,608808520.0,2.180914,1.0,0wpWBF3YNAr4FVEsPyU1XA==,5.0,5.0,1868.39,1868.39,0.0,0.0,0.0,0.0,-1.0,-1.0,0.0,0.0,0.0,0.0,N,4b0ce66c923c5ae7283e098d98ec3f92,2024-11-24 00:00:00.000,0
,704177166912,,ARM QUEUING: Please evaluate the accounts for tt/d141997345,2024-11-24 00:00:00.000,44551,403-5817524-2061928,2024-11-21T12:24:52,24,4494.59,tier2,0.5628248118177208,ES,ES,ES,ES,,CC,"23,60,107,147,198,421,469","B07N19Y8LF,B07PLSDPYN,B08H1HFH8J,B08JZ7MQN6,B08YF7PB14,B09G2X7GDK,B09G6V1D34,B09NW9R9J6,B09P8KM9Z6,B0B6TQQ69Q,B0BGC9P19P,B0BW5YSY6K,B0BZ3H2QCC,B0C1721KFC,B0C2GW8SGH,B0CFBF7SV8,B0CJBSF393,B0CP41876D,B0CQCW9Q8H,B0CW99MQTZ,B0CXX3KT7G,B0CXXJTJXB,B0D2NKBKHH,B0D6KGVDDP,B0D943TGV5,B0DFY6JWWZ,B0DG8HXKSM",,1.0,1.0,4.0,1.0,11602431412.0,87.124618,34.0,OUDrWMO9DMervQUy0pGf4w==,,,,,,,,,,,,,,,N,9c8a5ff000e2c46640b1d293415b1f16,2024-11-24 00:00:00.000,0
,7600561715,,ARM QUEUING: Please evaluate the accounts for tt/d141997345,2024-11-24 00:00:00.000,7,701-4311710-1732268,2024-11-24T11:52:02,3,2915.03,tier2,0.990735082283993,CA,CA,CA,CA,,CC,"23,147,328","B08C7BGV3D,B08R5JPTMZ,B0BHBT5BD3,B0BHJJ9Y77,B0BN9ZFZ2X,B0C4NM8NMC,B0CSGCTMT2,B0D6NN6TM7,B0DCWMTDVP",,1.0,1.0,4.0,1.0,13.0,3921.026713,9.0,PP+JnKO4Q8omp948l5bmdg==,,,,,,,,,,,,,,,N,ddfbdf0dfc2f70550b4cefabb1807abd,2024-11-24 00:00:00.000,0
,978732941802,,ARM QUEUING: Please evaluate the accounts for tt/d139889713,2024-11-24 00:00:00.000,1,114-5345437-9741062,2024-11-24T06:16:41,24,39.02,tier1,0.3127463332898605,US,US,US,,,CC,79,B0CBBLVLNF,,1.0,1.0,7.0,1.0,313072576402.0,0.0,1.0,Ee26tF9liTnmTrDNYE9Prw==,1671.0,8344.0,14624.79,135236.07,0.0,0.0,0.0,0.0,-1.0,-1.0,3.126119,0.0,0.0,0.0,N,2df130144af6e7789be853925580265d,2024-11-24 00:00:00.000,0
,968151795102,,ARM QUEUING: Please evaluate the accounts for tt/d113007432,2024-11-24 00:00:00.000,1,113-2818386-4973005,2024-11-24T17:21:07,3,905.99,tier2,0.7634069796515688,,,,,,,,,,,,,,,,,,,,,,,,,,,,,,,,N,8f61c2905738e6e39d3e5d3ff1983ab2,2024-11-24 00:00:00.000,0
,975301645602,,ARM QUEUING: Please evaluate the accounts for tt/d113007432,2024-11-24 00:00:00.000,1,111-2561365-4722652,2024-11-24T23:03:44,3,25.58,tier3,1.0,,,,,,,,,,,,,,,,,,,,,,,,,,,,,,,,N,f950e25a8d35b795fc5d2563f4c86527,2024-11-24 00:00:00.000,0
,974779590802,,ARM QUEUING: Please evaluate the accounts for tt/d141997345,2024-11-24 00:00:00.000,1,112-8533464-8989806,2024-11-24T19:41:38,20,5989.84,tier1,0.6021974646658723,,,,,,,,,,,,,,,,,,,,,,,,,,,,,,,,I,54ed749bda9fb758e6b63a66611448a1,2024-11-24 00:00:00.000,0
,143993517102,,ARM QUEUING: Please evaluate the accounts for tt/d113007432,2024-11-24 00:00:00.000,1,113-1226368-7692237,2024-11-24T11:52:02,3,380.99,tier2,0.8154935455336795,EC,EC,US,,outlook.com,CC,63,B0DCQJ5W34,,1.0,0.0,1.0,0.0,608808520.0,0.0,1.0,mXn2cdJR5t+bk1ETZP27pw==,247.0,803.0,19777.56,73352.34,0.0,0.0,0.0,0.0,-1.0,-1.0,0.550126,0.0,0.0,0.0,N,ad1575a0d1c85e664423b27661bd6281,2024-11-24 00:00:00.000,0
,978932933702,,ARM QUEUING: Please evaluate the accounts for tt/d139889713,2024-11-24 00:00:00.000,1,112-1665674-7013816,2024-11-24T12:46:00,4,38.04,tier3,1.0,US,US,US,,yahoo.com,CC,"21,197","B07HQ6WTBR,B0BSNZQHNK",,1.0,1.0,7.0,1.0,46800819515.0,0.0,2.0,nNFikz7BBx3EhSgwi5Zqvg==,0.0,1.0,0.0,42.99,0.0,0.0,0.0,0.0,-1.0,-1.0,0.0,-1.0,0.0,-1.0,N,49dfadea7dbf5ce5def294bb89be12c3,2024-11-24 00:00:00.000,0
,16249647605,,ARM QUEUING: Please evaluate the accounts for tt/d141997345,2024-11-24 00:00:00.000,1,111-4355612-4198644,2024-11-24T20:30:43,3,273.6,tier2,0.746085687909818,,,,,,,,,,,,,,,,,,,,,,,,,,,,,,,,N,f95dea331ffe12e144f1c40adbfd54d8,2024-11-24 00:00:00.000,0
,960907356602,,ARM QUEUING: Please evaluate the accounts for tt/d113007432,2024-11-24 00:00:00.000,1,114-1759082-6129828,2024-11-24T20:07:25,3,3016.68,tier1,0.4649930073006112,,,,,,,,,,,,,,,,,,,,,,,,,,,,,,,,N,1932eb893147f8403df132165610befd,2024-11-24 00:00:00.000,0
,978984463902,,ARM QUEUING: Please evaluate the accounts for tt/d139889713,2024-11-24 00:00:00.000,1,111-6592321-4166664,2024-11-24T14:30:04,4,32.1,tier3,1.0,US,US,US,,gmail.com,CC,510,"B01E9I43RO,B07NT4KX9Y",,1.0,1.0,7.0,1.0,608808520.0,0.0,2.0,mbEhJorREttpiYOX+ccVIQ==,7.0,38.0,338.91,2172.62,0.0,0.0,0.0,0.0,-1.0,-1.0,2.687078,10.616388,0.0,0.0,N,0ab77f5d25fe57feed8499a40d956338,2024-11-24 00:00:00.000,0
,978704880502,,ARM QUEUING: Please evaluate the accounts for tt/d139889713,2024-11-24 00:00:00.000,1,112-7052142-1598620,2024-11-24T05:00:26,4,26.74,tier3,1.0,US,US,US,,gmail.com,CC,194,B0D5RMZBNC,,1.0,1.0,7.0,1.0,58182710902.0,0.0,1.0,O7m+jgMuuHoIqyrTl09qfw==,7.0,48.0,319.43,2782.77,0.0,0.0,0.0,0.0,-1.0,-1.0,14.652666,0.0,0.0,0.0,N,2e821dc764655de5f4383ec828f87d97,2024-11-24 00:00:00.000,0
,543792176512,,ARM QUEUING: Please evaluate the accounts for tt/d141997345,2024-11-24 00:00:00.000,44551,171-5469892-9916315,2024-11-24T22:33:41,3,71.94,tier2,0.6370742067114631,ES,,ES,,,Bizum,75,B07FXVRQYX,,1.0,1.0,3.0,1.0,11814536625.0,49.273905,2.0,p5tQltMEcJ3hc/b/hS8U8g==,,,,,,,,,,,,,,,N,994a0978f9d0c7936272adc21147aff8,2024-11-24 00:00:00.000,0
,139314600712,,ARM QUEUING: Please evaluate the accounts for tt/d141997345,2024-11-24 00:00:00.000,35691,407-4196089-8125132,2024-11-24T15:48:35,3,2899.0,tier2,0.4814782917561628,IT,IT,IT,IT,,CC,147,B0CSDJDJHK,I8,1.0,1.0,4.0,1.0,755690533.0,1556.229491,1.0,ZAYuH5tL82/LQf896GvIrg==,,,,,,,,,,,,,,,N,dff60380f9ec9a1291fd7defbe2e8363,2024-11-24 00:00:00.000,0
,978267450702,,ARM QUEUING: Please evaluate the accounts for tt/d139889713,2024-11-24 00:00:00.000,1,113-6549846-7556232,2024-11-24T21:36:46,3,41.53,tier1,0.6164527821043928,,,,,,,,,,,,,,,,,,,,,,,,,,,,,,,,N,8cecb6008e0a9a68dee43baced24c2b8,2024-11-24 00:00:00.000,0
,971677730902,,ARM QUEUING: Please evaluate the accounts for tt/d139889713,2024-11-24 00:00:00.000,1,112-9368888-7889011,2024-11-24T20:48:10,3,58.52,tier1,0.7483497555902807,,,,,,,,,,,,,,,,,,,,,,,,,,,,,,,,N,a1c5c4fe263b2b6001328cc3792167a5,2024-11-24 00:00:00.000,0
,977239977002,,ARM QUEUING: Please evaluate the accounts for tt/d139889713,2024-11-24 00:00:00.000,1,112-2604362-4026619,2024-11-24T18:50:31,3,8.63,tier3,1.0,,,,,,,,,,,,,,,,,,,,,,,,,,,,,,,,N,7792db683903e85fb52f461028a0a751,2024-11-24 00:00:00.000,0
,977895400902,,ARM QUEUING: Please evaluate the accounts for tt/d113007432,2024-11-24 00:00:00.000,1,114-9011409-6731420,2024-11-24T10:44:45,4,600.99,tier2,0.7107193862175881,US,US,US,US,gmail.com,CC,63,B0DDK1WM9K,I4,1.0,1.0,1.0,1.0,608808520.0,1.457431,2.0,mXn2cdJR5t+bk1ETZP27pw==,122.0,466.0,13096.27,42142.31,0.0,0.0,0.0,0.0,-1.0,-1.0,0.0,0.0,0.0,0.0,N,992177ff8b0368ab2bb2f90439153c84,2024-11-24 00:00:00.000,0
,978864793002,,ARM QUEUING: Please evaluate the accounts for tt/d113007432,2024-11-24 00:00:00.000,1,113-2676863-4852222,2024-11-24T11:28:42,3,13.63,tier1,0.3985219351510317,US,US,US,,,CC,194,B0D5Y1QZBC,,1.0,0.0,7.0,1.0,484702798302.0,0.0,1.0,goOPOvli9WbPXHbhCdcKXQ==,6.0,12.0,202.04,404.57,0.0,0.0,0.0,0.0,-1.0,-1.0,40.314408,46.574936,0.0,0.0,N,1ab59a323da7b9e65690f270d314f26d,2024-11-24 00:00:00.000,0
,979193598002,,ARM QUEUING: Please evaluate the accounts for tt/d139889713,2024-11-24 00:00:00.000,1,113-4464627-5449024,2024-11-24T21:49:44,3,17.47,tier3,1.0,,,,,,,,,,,,,,,,,,,,,,,,,,,,,,,,I,09972f731fe3cd3956a29bac96514bdb,2024-11-24 00:00:00.000,0
,978944473102,,ARM QUEUING: Please evaluate the accounts for tt/d139889713,2024-11-24 00:00:00.000,1,111-9227894-4712233,2024-11-24T14:19:03,3,55.17,tier1,0.9389510006797142,US,US,US,US,uscomputer.support,CC,147,B09STTXWZZ,I3,1.0,1.0,1.0,1.0,25549756405.0,0.0,1.0,DOVvtQqum/qvDstFWRnm3g==,0.0,0.0,0.0,0.0,0.0,0.0,0.0,0.0,-1.0,-1.0,-1.0,-1.0,-1.0,-1.0,N,7d2dcc1870f2321679bdb2c404dccfc0,2024-11-24 00:00:00.000,0
,952217428602,,ARM QUEUING: Please evaluate the accounts for tt/d141997345,2024-11-24 00:00:00.000,7,702-8186291-6740240,2024-11-24T06:13:35,20,5089.77,tier2,0.8993481698388087,,,,,,,,,,,,,,,,,,,,,,,,,,,,,,,,N,ccf1b19521f114f67d75b7362b6f37a3,2024-11-24 00:00:00.000,0
,978412514802,,ARM QUEUING: Please evaluate the accounts for tt/d113007432,2024-11-24 00:00:00.000,1,112-2512011-8453027,2024-11-24T13:45:04,3,740.94,tier2,0.7997094765104793,US,US,US,,umich.edu,CC,63,B0DGY63Z2H,,1.0,1.0,1.0,1.0,608808520.0,0.0,1.0,DOVvtQqum/qvDstFWRnm3g==,0.0,0.0,0.0,0.0,0.0,0.0,0.0,0.0,-1.0,-1.0,-1.0,-1.0,-1.0,-1.0,N,11f9467925c2cc56a0987d75da78d3f3,2024-11-24 00:00:00.000,0
,845699347212,,ARM QUEUING: Please evaluate the accounts for tt/d113007432,2024-11-24 00:00:00.000,1,111-1872013-8717027,2024-11-24T23:13:21,3,118.1,tier1,0.4518738581302181,,,,,,,,,,,,,,,,,,,,,,,,,,,,,,,,N,9442235e9778f991ad3b71b3c5ef4b6e,2024-11-24 00:00:00.000,0
,847469607012,,ARM QUEUING: Please evaluate the accounts for tt/d141997345,2024-11-24 00:00:00.000,35691,407-7733553-4721947,2024-11-24T19:48:49,20,4136.79,tier2,0.5667519276396495,,,,,,,,,,,,,,,,,,,,,,,,,,,,,,,,I,85960d995e327da71defb7ab6aaf01dc,2024-11-24 00:00:00.000,0
,978687087002,,ARM QUEUING: Please evaluate the accounts for tt/d139889713,2024-11-24 00:00:00.000,1,113-9176615-0437044,2024-11-24T04:21:55,4,37.09,tier3,1.0,US,US,US,,gmu.edu,CC,21,B0BRTBL8T7,,1.0,1.0,7.0,1.0,608808520.0,0.0,1.0,O7m+jgMuuHoIqyrTl09qfw==,0.0,14.0,0.0,440.61,0.0,0.0,0.0,0.0,-1.0,-1.0,1.359479,-1.0,0.0,-1.0,N,1472656b14a2e6284e955e40f614a3a7,2024-11-24 00:00:00.000,0
,848320720812,,ARM QUEUING: Please evaluate the accounts for tt/d141997345,2024-11-24 00:00:00.000,4,306-8428415-3044323,2024-11-25T00:46:24,20,4217.0,tier1,0.8311357026978683,,,,,,,,,,,,,,,,,,,,,,,,,,,,,,,,N,0699cfec2f5a2fb5923c89b675dc4dee,2024-11-24 00:00:00.000,0
,10525904625,,ARM QUEUING: Please evaluate the accounts for tt/d141997345,2024-11-24 00:00:00.000,5,402-0721691-1004330,2024-11-24T17:40:27,3,46.5,tier2,0.7333759011407203,FR,FR,FR,,,CC,21,B0CSND4V8T,,1.0,1.0,4.0,1.0,11.0,3550.255414,2.0,0jY/AvFpO4M6BnSePWM23Q==,,,,,,,,,,,,,,,N,fe7ce738de926fa176a1f4960848091c,2024-11-24 00:00:00.000,0
,976263279302,,ARM QUEUING: Please evaluate the accounts for tt/d113007432,2024-11-24 00:00:00.000,1,114-6298521-5193832,2024-11-24T10:08:00,3,98.97,tier1,0.65362964605297,US,US,US,,outlook.com,CC,465,B0BP9SNVH9,I3,1.0,1.0,7.0,1.0,608808520.0,3.876487,3.0,hKmtDxjqYoHu7PukiKuviA==,11.0,18.0,1720.92,4046.59,0.0,0.0,0.0,0.0,-1.0,-1.0,0.0,0.0,0.0,0.0,N,aeaacb401d0f1edfaeacad0110f01a11,2024-11-24 00:00:00.000,0
,978396579702,,ARM QUEUING: Please evaluate the accounts for tt/d139889713,2024-11-24 00:00:00.000,1,112-0608454-5145031,2024-11-24T02:56:11,3,61.15,tier1,0.7938338657236916,US,US,US,,gmail.com,CC,"263,469","B003TPFMLU,B0B5DKHT5J",,1.0,1.0,7.0,1.0,608808520.0,0.0,2.0,UAZy0XVa822fM5FrqD4B3w==,60.0,192.0,2215.75,6191.56,0.0,0.0,0.0,0.0,-1.0,-1.0,0.0,0.0,0.0,0.0,N,3ac19bccc88b24380ced7d797930b874,2024-11-24 00:00:00.000,0
,447046640202,,ARM QUEUING: Please evaluate the accounts for tt/d141997345,2024-11-24 00:00:00.000,7,701-3112417-9836206,2024-11-24T21:02:00,20,6904.26,tier2,0.8323732878741145,,,,,,,,,,,,,,,,,,,,,,,,,,,,,,,,I,9349dc00f0207b9c0c9992fe8b4628ea,2024-11-24 00:00:00.000,0
,978521547602,,ARM QUEUING: Please evaluate the accounts for tt/d139889713,2024-11-24 00:00:00.000,1,112-0522755-0752216,2024-11-24T18:18:51,3,162.2,tier3,1.0,,,,,,,,,,,,,,,,,,,,,,,,,,,,,,,,N,866af5740816dfe40b670916e1359f4b,2024-11-24 00:00:00.000,0
,971853360302,,ARM QUEUING: Please evaluate the accounts for tt/d141997345,2024-11-24 00:00:00.000,7,702-9672920-8410614,2024-11-24T19:41:54,3,5606.1,tier2,0.7991567290374129,,,,,,,,,,,,,,,,,,,,,,,,,,,,,,,,I,72b8037d76d721fc2639b22f274d2086,2024-11-24 00:00:00.000,0
,979094262502,,ARM QUEUING: Please evaluate the accounts for tt/d139889713,2024-11-24 00:00:00.000,1,111-6552334-0873836,2024-11-24T17:53:07,3,48.31,tier1,0.4804159733153458,,,,,,,,,,,,,,,,,,,,,,,,,,,,,,,,N,15a89c7b86b980e70d6c3982fc78beae,2024-11-24 00:00:00.000,0
,978975226702,,ARM QUEUING: Please evaluate the accounts for tt/d113007432,2024-11-24 00:00:00.000,1,111-9364758-8789803,2024-11-24T13:42:27,3,543.36,tier2,0.8689470918925396,US,US,US,US,gmail.com,CC,107,B0CGT6RLT7, Y,1.0,1.0,1.0,1.0,608808520.0,0.0,1.0,OUDrWMO9DMervQUy0pGf4w==,8.0,43.0,795.25,2232.15,0.0,0.0,0.0,0.0,-1.0,-1.0,0.0,0.0,0.0,0.0,N,17de5d24a225216543d9e7c470859cbc,2024-11-24 00:00:00.000,0
,848041965312,,ARM QUEUING: Please evaluate the accounts for tt/d139889713,2024-11-24 00:00:00.000,1,111-4704054-3349061,2024-11-24T06:26:49,4,67.85,tier1,0.2558320943126155,US,LT,US,,gmail.com,CC,21,B0CGY4JFST,ID,1.0,1.0,7.0,1.0,608808520.0,0.0,1.0,OUDrWMO9DMervQUy0pGf4w==,0.0,0.0,0.0,0.0,0.0,0.0,0.0,0.0,-1.0,-1.0,-1.0,-1.0,-1.0,-1.0,N,f0e25ae3d6d703c64ecc37dd55eec619,2024-11-24 00:00:00.000,0
,840700279212,,ARM QUEUING: Please evaluate the accounts for tt/d141997345,2024-11-24 00:00:00.000,35691,407-4956649-0101121,2024-11-24T21:46:18,20,5796.0,tier2,0.4814971801685664,,,,,,,,,,,,,,,,,,,,,,,,,,,,,,,,I,d09ed42219e263ae732bbb3f8a7ba20d,2024-11-24 00:00:00.000,0
,971818742902,,ARM QUEUING: Please evaluate the accounts for tt/d113007432,2024-11-24 00:00:00.000,1,114-7012811-5913830,2024-11-24T15:22:50,3,32.5,tier1,0.4305767258449729,US,US,US,,yahoo.com,CC,193,B074FMKG5D,I3,1.0,1.0,51.0,1.0,608808520.0,5.066978,1.0,O7m+jgMuuHoIqyrTl09qfw==,3.0,9.0,88.99,298.17,0.0,0.0,0.0,0.0,-1.0,-1.0,0.0,0.0,0.0,0.0,N,eae86ae1815c3477eff7d9ab4ed74f4d,2024-11-24 00:00:00.000,0
,977473996602,,ARM QUEUING: Please evaluate the accounts for tt/d113007432,2024-11-24 00:00:00.000,1,111-6686562-9780248,2024-11-25T00:28:30,3,214.17,tier2,0.8612568514573061,,,,,,,,,,,,,,,,,,,,,,,,,,,,,,,,N,e5f598e76a106d1f778c1eaa4d4b896b,2024-11-24 00:00:00.000,0
,977963557802,,ARM QUEUING: Please evaluate the accounts for tt/d113007432,2024-11-24 00:00:00.000,1,112-3879157-6069830,2024-11-24T02:35:26,3,61.48,tier1,0.4915979122173991,TR,TR,US,TR,gmail.com,CC,60,B07V5WWGDV,,1.0,1.0,7.0,1.0,39305161002.0,0.0,1.0,tLnH9LwCOXntla+DigFqzw==,7860.0,12959.0,261987.99,524409.48,0.0,0.0,0.0,0.0,-1.0,-1.0,0.903752,1.265195,0.0,0.0,N,84785870d7bb729aaff5cbbe42a3cf80,2024-11-24 00:00:00.000,0
,265515443002,,ARM QUEUING: Please evaluate the accounts for tt/d141997345,2024-11-24 00:00:00.000,7,701-4977809-4542605,2024-11-22T07:00:19,20,3129.94,tier2,0.8855104300721325,CA,CA,CA,,,CC,147,B0CSJF4J5G,I3,1.0,0.0,4.0,1.0,13.0,700.644712,1.0,jC7xaIqF6CHi0fyL6o8Zvg==,,,,,,,,,,,,,,,I,31ef6ac02a7f1d339bd4a3821c708b64,2024-11-24 00:00:00.000,0
,978556842802,,ARM QUEUING: Please evaluate the accounts for tt/d139889713,2024-11-24 00:00:00.000,1,111-7706662-4356247,2024-11-24T20:36:16,3,17.31,tier3,1.0,,,,,,,,,,,,,,,,,,,,,,,,,,,,,,,,N,648d0c5f60b9369182eb8eced5b1ef36,2024-11-24 00:00:00.000,0
,977491795802,,ARM QUEUING: Please evaluate the accounts for tt/d113007432,2024-11-24 00:00:00.000,1,112-5695805-5649009,2024-11-24T20:16:10,3,1584.0,tier2,0.907201555440855,,,,,,,,,,,,,,,,,,,,,,,,,,,,,,,,N,197b672ddc8cc88f5f69959567cb9f86,2024-11-24 00:00:00.000,0
,979214653602,,ARM QUEUING: Please evaluate the accounts for tt/d113007432,2024-11-24 00:00:00.000,1,113-0198578-8660226,2024-11-24T22:02:07,3,357.98,tier2,0.7541270945618146,,,,,,,,,,,,,,,,,,,,,,,,,,,,,,,,N,3256b53d1335f8f5772a56df5c8564a5,2024-11-24 00:00:00.000,0
,979020618402,,ARM QUEUING: Please evaluate the accounts for tt/d139889713,2024-11-24 00:00:00.000,1,114-9903686-7930662,2024-11-24T17:39:33,3,86.51,tier1,0.8243022047952323,,,,,,,,,,,,,,,,,,,,,,,,,,,,,,,,N,c9034bafd6d6435fe851d0dbf661652a,2024-11-24 00:00:00.000,0
,756619211102,,ARM QUEUING: Please evaluate the accounts for tt/d141997345,2024-11-24 00:00:00.000,1,112-4749248-6196226,2024-11-24T16:20:51,5,2557.4,tier2,0.8597743327616084,,,,,,,,,,,,,,,,,,,,,,,,,,,,,,,,N,f26b0ca5deb6c3a34d3138b8c65947f6,2024-11-24 00:00:00.000,0
,978494282602,,ARM QUEUING: Please evaluate the accounts for tt/d139889713,2024-11-24 00:00:00.000,1,111-3706125-6749841,2024-11-24T17:56:02,3,39.87,tier3,1.0,,,,,,,,,,,,,,,,,,,,,,,,,,,,,,,,N,4f737a5f30f9a0e9f1ebd08d1171115f,2024-11-24 00:00:00.000,0
,978948496102,,ARM QUEUING: Please evaluate the accounts for tt/d139889713,2024-11-24 00:00:00.000,1,112-5412401-5954645,2024-11-24T15:17:47,3,213.99,tier3,1.0,US,,US,,gmail.com,"CC,GC",147,B0CWHYV27D,,1.0,1.0,1.0,1.0,608808520.0,0.0,1.0,QFOWA+x8W6lFh6CCc5zPIg==,0.0,0.0,0.0,0.0,0.0,0.0,0.0,0.0,-1.0,-1.0,-1.0,-1.0,-1.0,-1.0,N,92d68a17000c472a623816974aaf96d3,2024-11-24 00:00:00.000,0
,1186998536,,ARM QUEUING: Please evaluate the accounts for tt/d141997345,2024-11-24 00:00:00.000,7,701-3206636-1484231,2024-11-24T10:26:59,20,4518.99,tier2,0.990724423306796,,,,,,,,,,,,,,,,,,,,,,,,,,,,,,,,N,9e585af25f12b78a8abe5977221f6c88,2024-11-24 00:00:00.000,0
,978691923602,,ARM QUEUING: Please evaluate the accounts for tt/d139889713,2024-11-24 00:00:00.000,1,111-7110160-7506656,2024-11-24T04:40:15,24,42.79,tier1,0.5988104313828968,US,US,US,,,CC,263,B01CIPF3LK,,1.0,1.0,7.0,1.0,1225372271.0,0.0,1.0,Ee26tF9liTnmTrDNYE9Prw==,265.0,265.0,6741.29,6741.29,0.0,0.0,0.0,0.0,-1.0,-1.0,0.0,0.0,0.0,0.0,N,f5dca8feecebed25fed351315517790b,2024-11-24 00:00:00.000,0
,978707617202,,ARM QUEUING: Please evaluate the accounts for tt/d139889713,2024-11-24 00:00:00.000,1,111-9806245-1862660,2024-11-24T07:14:06,4,15.47,tier3,1.0,US,US,US,,gmail.com,CC,121,B0083HLPLA,I3,1.0,1.0,7.0,1.0,608808520.0,0.0,1.0,STIBoMHMvEs8ROOizN5mcQ==,63.0,228.0,3409.32,11689.93,0.0,0.0,0.0,0.0,-1.0,-1.0,2.310963,5.601704,0.0,0.0,N,4be7bfd1c20893e238fbddee1e13c64d,2024-11-24 00:00:00.000,0
,978939808502,,ARM QUEUING: Please evaluate the accounts for tt/d139889713,2024-11-24 00:00:00.000,1,114-1745002-6711469,2024-11-24T13:18:55,4,3.69,tier3,1.0,US,US,US,,gmail.com,CC,229,B00347A8NK, Y,1.0,1.0,7.0,1.0,608808520.0,0.0,1.0,kIycU/YvqemoDgsS+/uMzg==,0.0,0.0,0.0,0.0,0.0,0.0,0.0,0.0,-1.0,-1.0,-1.0,-1.0,-1.0,-1.0,N,3f03d4aeab2156b69dcd1f825dfd64a3,2024-11-24 00:00:00.000,0
,18121305015,,ARM QUEUING: Please evaluate the accounts for tt/d141997345,2024-11-24 00:00:00.000,7,702-4732453-7164235,2024-11-24T11:25:23,3,2926.59,tier2,0.942132188889094,,,,,,,,,,,,,,,,,,,,,,,,,,,,,,,,N,2b6addf5124720a0affccdb3aad0ee3d,2024-11-24 00:00:00.000,0
,970134232002,,ARM QUEUING: Please evaluate the accounts for tt/d113007432,2024-11-24 00:00:00.000,1,112-1802248-9795418,2024-11-24T05:18:16,3,39.98,tier1,0.6259737725931988,US,US,US,,gmail.com,CC,121,B0716Q35T1,I3,1.0,1.0,7.0,1.0,51770301002.0,11.248235,1.0,L9eGgVk5EKUasipEHAV2Ng==,16.0,87.0,845.53,4269.21,0.0,0.0,0.0,0.0,-1.0,-1.0,1.352007,0.0,0.0,0.0,N,c0fd946b63e5a1ee178288d4a7646595,2024-11-24 00:00:00.000,0
,978983868202,,ARM QUEUING: Please evaluate the accounts for tt/d139889713,2024-11-24 00:00:00.000,1,112-2253589-6601866,2024-11-24T17:18:54,3,13.05,tier3,1.0,,,,,,,,,,,,,,,,,,,,,,,,,,,,,,,,N,b925b3cfc990bd678d9c6c60e4b1e651,2024-11-24 00:00:00.000,0
,978647771902,,ARM QUEUING: Please evaluate the accounts for tt/d139889713,2024-11-24 00:00:00.000,1,113-4950764-8698634,2024-11-24T02:15:37,4,33.01,tier3,1.0,US,US,US,,gmail.com,CC,263,"B00PX6DYIG,B0D9GJLX85",,1.0,1.0,7.0,1.0,608808520.0,0.0,2.0,PyWpvRkm5WoKLPPCY3s1UQ==,1.0,3.0,9.99,31.97,0.0,0.0,0.0,0.0,-1.0,-1.0,0.0,0.0,0.0,0.0,N,83efbb16dfe29d8685360402a087a069,2024-11-24 00:00:00.000,0
,979146084902,,ARM QUEUING: Please evaluate the accounts for tt/d113007432,2024-11-24 00:00:00.000,1,112-3896050-9581061,2024-11-24T20:06:03,3,278.27,tier2,0.7791844680519949,,,,,,,,,,,,,,,,,,,,,,,,,,,,,,,,N,62cead88a37538b0839962738fb0151b,2024-11-24 00:00:00.000,0
,979213657502,,ARM QUEUING: Please evaluate the accounts for tt/d139889713,2024-11-24 00:00:00.000,1,111-3644535-8154612,2024-11-24T21:23:00,3,120.95,tier3,1.0,,,,,,,,,,,,,,,,,,,,,,,,,,,,,,,,N,29199c202bb62527004dccc50fff943f,2024-11-24 00:00:00.000,0
,443058786102,,ARM QUEUING: Please evaluate the accounts for tt/d141997345,2024-11-24 00:00:00.000,7,701-8999572-4647456,2024-11-24T12:18:49,20,8760.94,tier2,0.9867966688015812,,,,,,,,,,,,,,,,,,,,,,,,,,,,,,,,N,4027d636fd4a3ec7bd8ad949753a0213,2024-11-24 00:00:00.000,0
,266135827702,,ARM QUEUING: Please evaluate the accounts for tt/d113007432,2024-11-24 00:00:00.000,1,112-1013291-3569005,2024-11-24T10:13:52,3,2899.0,tier1,0.468188633463701,IQ,IQ,US,,me.com,CC,147,B0DLHCXF81,,1.0,1.0,1.0,1.0,608808520.0,9.026307,1.0,dagQ/rbdtrkVH2YFLFycHQ==,85.0,295.0,5754.37,22346.52,0.0,0.0,0.0,0.0,-1.0,-1.0,0.58112,0.0,0.0,0.0,N,a6d020343acc9072a964ee636819cdbb,2024-11-24 00:00:00.000,0
,974376251402,,ARM QUEUING: Please evaluate the accounts for tt/d113007432,2024-11-24 00:00:00.000,1,111-1078090-9169045,2024-11-25T00:27:48,20,2899.0,tier2,0.8078937786720947,,,,,,,,,,,,,,,,,,,,,,,,,,,,,,,,N,91ce2d13edb0bca754e46a96646e8d6b,2024-11-24 00:00:00.000,0
,978901413602,,ARM QUEUING: Please evaluate the accounts for tt/d139889713,2024-11-24 00:00:00.000,1,113-6019207-3286665,2024-11-24T12:32:50,3,56.46,tier1,0.8895276629265984,US,US,US,,gmail.com,CC,23,"B0CTNTGZKR,B0D3V7TSKG",I3,1.0,1.0,1.0,1.0,608808520.0,0.0,2.0,goOPOvli9WbPXHbhCdcKXQ==,8.0,50.0,208.52,2532.88,0.0,0.0,0.0,0.0,-1.0,-1.0,0.0,0.0,0.0,0.0,N,e436b988750a48e1b4dc27aa20c77dd6,2024-11-24 00:00:00.000,0
,978835597602,,ARM QUEUING: Please evaluate the accounts for tt/d113007432,2024-11-24 00:00:00.000,1,111-9737579-5637813,2024-11-24T09:57:45,4,259.74,tier2,0.8371379030131986,TR,TR,US,,gmail.com,CC,86,B09SH7LCNW,,1.0,1.0,3.0,1.0,24163308402.0,0.0,6.0,mtob8pcHELeUvWloYYwRGg==,17.0,65.0,5254.77,12515.63,0.0,0.0,0.0,0.0,-1.0,-1.0,3.324403,0.0,0.0,0.0,I,9a11aa042f3016e33311d80be295727a,2024-11-24 00:00:00.000,0
,221010215702,,ARM QUEUING: Please evaluate the accounts for tt/d141997345,2024-11-24 00:00:00.000,1,114-3877818-5857052,2024-11-24T20:01:08,3,491.53,tier2,0.8298263079163203,,,,,,,,,,,,,,,,,,,,,,,,,,,,,,,,N,4f29de82b9f84402cfa3b93e6420d5dd,2024-11-24 00:00:00.000,0
,280061391212,,ARM QUEUING: Please evaluate the accounts for tt/d141997345,2024-11-24 00:00:00.000,44551,406-2773556-9823532,2024-11-25T00:14:08,3,3308.86,tier2,0.5642276238982047,NL,NL,NL,NL,,CC,107,B0CNQ748V7,I3,1.0,0.0,4.0,1.0,695831032.0,1020.013403,5.0,hKmtDxjqYoHu7PukiKuviA==,,,,,,,,,,,,,,,N,598602a48df4257caf52661ddd7343b4,2024-11-24 00:00:00.000,0
,978933164002,,ARM QUEUING: Please evaluate the accounts for tt/d139889713,2024-11-24 00:00:00.000,1,113-3241227-9094664,2024-11-24T13:00:57,3,17.28,tier3,1.0,US,US,US,,gmail.com,CC,21,B00K1XF7OA,,1.0,1.0,7.0,1.0,608808520.0,0.0,1.0,OUDrWMO9DMervQUy0pGf4w==,62.0,188.0,2453.58,7590.13,0.0,0.0,0.0,0.0,-1.0,-1.0,0.474168,0.0,0.0,0.0,N,506b6773caea9a2b63474e5591c8a4e3,2024-11-24 00:00:00.000,0
,978640234702,,ARM QUEUING: Please evaluate the accounts for tt/d139889713,2024-11-24 00:00:00.000,1,113-7633609-4662640,2024-11-24T08:49:39,3,259.98,tier3,1.0,US,KZ,US,,gmail.com,CC,349,B0CFPJYX7P,,1.0,1.0,51.0,1.0,608808520.0,0.0,2.0,3i+L3M/SminvYkGeZ0s59g==,0.0,0.0,0.0,0.0,0.0,0.0,0.0,0.0,-1.0,-1.0,-1.0,-1.0,-1.0,-1.0,N,47de4da62241ec5643395a408e171965,2024-11-24 00:00:00.000,0
,566052412302,,ARM QUEUING: Please evaluate the accounts for tt/d141997345,2024-11-24 00:00:00.000,1,113-1678548-1483438,2024-11-22T23:49:07,3,1602.86,tier2,0.8003740289066752,US,,US,,gmail.com,"CC,GC",147,"B098LG3N6R,B0C2C1PQZD",I8,1.0,0.0,1.0,1.0,1195204730.0,735.379461,2.0,,31.0,116.0,1932.32,7100.95,0.0,0.0,0.0,0.0,-1.0,-1.0,0.0,0.0,0.0,0.0,N,0b6ae69e9de9a9a9076d99fb9653aa2a,2024-11-24 00:00:00.000,0
,978752417402,,ARM QUEUING: Please evaluate the accounts for tt/d113007432,2024-11-24 00:00:00.000,1,114-8460449-1791448,2024-11-24T07:22:56,3,365.99,tier2,0.7804708456459114,US,AM,US,,gmail.com,CC,107,B0DGHQ2QH6,,1.0,0.0,1.0,1.0,608808520.0,0.0,1.0,VLjIDWbcKHWehPDmMhapOw==,0.0,0.0,0.0,0.0,0.0,0.0,0.0,0.0,-1.0,-1.0,-1.0,-1.0,-1.0,-1.0,N,f2c7d7f127d8abf9c99b5dc3d8689545,2024-11-24 00:00:00.000,0
,67493743902,,ARM QUEUING: Please evaluate the accounts for tt/d141997345,2024-11-24 00:00:00.000,7,702-6996434-5269013,2024-11-24T21:20:04,20,3938.64,tier2,0.897753471847316,,,,,,,,,,,,,,,,,,,,,,,,,,,,,,,,I,195bd5defbecc986eef736390b569752,2024-11-24 00:00:00.000,0
,979193955102,,ARM QUEUING: Please evaluate the accounts for tt/d139889713,2024-11-24 00:00:00.000,1,113-5540570-9961811,2024-11-24T21:24:59,3,64.08,tier3,1.0,,,,,,,,,,,,,,,,,,,,,,,,,,,,,,,,N,2a0dda3fd1a70733b755c6aff9863c96,2024-11-24 00:00:00.000,0
,978833865002,,ARM QUEUING: Please evaluate the accounts for tt/d141997345,2024-11-24 00:00:00.000,7,701-4300866-8841022,2024-11-24T11:26:51,20,7486.2,tier2,0.7045173983973523,,,,,,,,,,,,,,,,,,,,,,,,,,,,,,,,I,1fcfa21a9deaf5068df52a1ca4b5c399,2024-11-24 00:00:00.000,0
,978536416802,,ARM QUEUING: Please evaluate the accounts for tt/d139889713,2024-11-24 00:00:00.000,1,113-9157644-0573010,2024-11-24T18:01:50,3,19.47,tier3,1.0,,,,,,,,,,,,,,,,,,,,,,,,,,,,,,,,N,b936e6c0d93bdc135e631ad59308cc2b,2024-11-24 00:00:00.000,0
,976276235702,,ARM QUEUING: Please evaluate the accounts for tt/d113007432,2024-11-24 00:00:00.000,1,114-5321769-0755411,2024-11-24T08:51:36,4,43.52,tier1,0.515035671116693,US,US,US,PK,gmail.com,CC,201,B0BXN95W92,,1.0,1.0,7.0,1.0,40247693005.0,2.988021,2.0,OUDrWMO9DMervQUy0pGf4w==,324183.0,517328.0,5582900.46,8763953.23,0.0,0.0,0.0,0.0,-1.0,-1.0,0.031261,0.045022,0.0,0.0,N,c70d7ef6b2a6c1e41db0c5cd350c8e3c,2024-11-24 00:00:00.000,0
,889995451702,,ARM QUEUING: Please evaluate the accounts for tt/d113007432,2024-11-24 00:00:00.000,1,112-0133415-7099404,2024-11-24T08:56:05,3,65.56,tier1,0.6477188769851857,US,HK,US,,outlook.com,CC,"193,328","B0CCNRB7ZJ,B0CGZY41DS",ID,1.0,0.0,4.0,1.0,56587207502.0,122.191557,2.0,1AgJyMZKnhVt0Nu1v/5Ngg==,0.0,1.0,0.0,34.67,0.0,0.0,0.0,0.0,-1.0,-1.0,100.0,-1.0,0.0,-1.0,N,82cf99df128b92b67fb4cc1fcb3a701d,2024-11-24 00:00:00.000,0
,978397488002,,ARM QUEUING: Please evaluate the accounts for tt/d139889713,2024-11-24 00:00:00.000,1,113-7325104-0144212,2024-11-24T14:57:49,3,60.98,tier1,0.7398424276168785,US,US,US,,gmail.com,CC,421,B0C7CTTLV2,,1.0,0.0,1.0,1.0,319189632702.0,0.0,1.0,I+ChkqQXS+qbJzVMQTqeDw==,0.0,0.0,0.0,0.0,0.0,0.0,0.0,0.0,-1.0,-1.0,-1.0,-1.0,-1.0,-1.0,N,e3774c0c0bc92a53a7201060cf808299,2024-11-24 00:00:00.000,0
,978682638502,,ARM QUEUING: Please evaluate the accounts for tt/d139889713,2024-11-24 00:00:00.000,1,114-1767168-3849050,2024-11-24T05:09:28,4,31.33,tier3,1.0,US,US,US,,gmail.com,CC,"60,79,201","B01M9I779L,B0714N3HV4,B0922RZTN3",,1.0,1.0,7.0,1.0,163720302202.0,0.0,3.0,DOVvtQqum/qvDstFWRnm3g==,47.0,113.0,2076.08,7233.45,0.0,0.0,0.0,0.0,-1.0,-1.0,0.0,0.0,0.0,0.0,N,764c8240f6bdac0b126bcd0140aa7ea8,2024-11-24 00:00:00.000,0
